RECORD_ID,MEMBER,COMPANY,AREA,COLOR,MODE
746,Q,ABC_COMPANY,SOUTH,RED,AUTO
760,Q,ABC_COMPANY,SOUTH,WHITE,MANUAL
774,Q,ABC_COMPANY,SOUTH,YELLOW,AUTO
788,Q,ABC_COMPANY,SOUTH,BLUE,MANUAL
1120,Q,ABC_COMPANY,SOUTH,GREEN,AUTO
1134,Q,ABC_COMPANY,SOUTH,BLACK,MANUAL
1290,A,ABC_COMPANY,EAST,ORANGE,AUTO
1485,A,ABC_COMPANY,EAST,PURPLE,MANUAL
1498,A,ABC_COMPANY,EAST,BROWN,AUTO
1511,A,ABC_COMPANY,EAST,VIOLET,MANUAL
1524,A,ABC_COMPANY,EAST,LILIAC,AUTO
1537,A,ABC_COMPANY,EAST,TEAL,MANUAL
1550,A,ABC_COMPANY,EAST,PEACH,AUTO
1563,A,ABC_COMPANY,EAST,PINK,MANUAL
1577,A,ABC_COMPANY,EAST,GRAY,AUTO
1797,A,ABC_COMPANY,EAST,SILVER,MANUAL
1810,A,ABC_COMPANY,EAST,RED,AUTO
1823,A,ABC_COMPANY,EAST,WHITE,MANUAL
1836,A,ABC_COMPANY,EAST,YELLOW,AUTO
1849,A,ABC_COMPANY,EAST,BLUE,MANUAL
1862,B,ABC_COMPANY,EAST,GREEN,AUTO
1875,B,ABC_COMPANY,EAST,BLACK,MANUAL
1889,B,ABC_COMPANY,EAST,ORANGE,AUTO
1981,B,ABC_COMPANY,EAST,PURPLE,MANUAL
1995,B,ABC_COMPANY,EAST,BROWN,AUTO
2009,B,ABC_COMPANY,EAST,VIOLET,MANUAL
2496,B,ABC_COMPANY,EAST,LILIAC,AUTO
2509,B,ABC_COMPANY,EAST,TEAL,MANUAL
2522,B,ABC_COMPANY,EAST,PEACH,AUTO
2536,B,ABC_COMPANY,EAST,PINK,MANUAL
2550,C,ABC_COMPANY,EAST,GRAY,AUTO
2564,C,ABC_COMPANY,EAST,SILVER,MANUAL
2989,BA,ABC_COMPANY,WEST,RED,AUTO
3002,BA,ABC_COMPANY,WEST,WHITE,MANUAL
3015,BA,ABC_COMPANY,WEST,YELLOW,AUTO
3028,BA,ABC_COMPANY,WEST,BLUE,MANUAL
3041,BA,ABC_COMPANY,WEST,GREEN,AUTO
3054,BA,ABC_COMPANY,WEST,BLACK,MANUAL
3067,BA,ABC_COMPANY,WEST,ORANGE,AUTO
3080,BA,ABC_COMPANY,WEST,PURPLE,MANUAL
3093,BA,ABC_COMPANY,WEST,BROWN,AUTO
3106,BA,ABC_COMPANY,WEST,VIOLET,MANUAL
3119,BA,ABC_COMPANY,WEST,LILIAC,AUTO
3132,BA,ABC_COMPANY,WEST,TEAL,MANUAL
3145,BA,ABC_COMPANY,WEST,PEACH,AUTO
3158,BA,ABC_COMPANY,WEST,PINK,MANUAL
3171,BA,ABC_COMPANY,WEST,GRAY,AUTO
3184,BA,ABC_COMPANY,WEST,SILVER,MANUAL
3197,BA,ABC_COMPANY,WEST,RED,AUTO
3210,BA,ABC_COMPANY,WEST,WHITE,MANUAL
3223,BA,ABC_COMPANY,WEST,YELLOW,AUTO
3236,BA,ABC_COMPANY,WEST,BLUE,MANUAL
3249,BA,ABC_COMPANY,WEST,GREEN,AUTO
3262,BA,ABC_COMPANY,WEST,BLACK,MANUAL
3275,BA,ABC_COMPANY,WEST,ORANGE,AUTO
3281,BA,ABC_COMPANY,WEST,PURPLE,MANUAL
3294,BA,ABC_COMPANY,WEST,BROWN,AUTO
3307,BA,ABC_COMPANY,WEST,VIOLET,MANUAL
3320,BA,ABC_COMPANY,WEST,LILIAC,AUTO
3333,BA,ABC_COMPANY,WEST,TEAL,MANUAL
3346,BA,ABC_COMPANY,WEST,PEACH,AUTO
3359,BA,ABC_COMPANY,WEST,PINK,MANUAL
3372,BA,ABC_COMPANY,WEST,GRAY,AUTO
3385,BA,ABC_COMPANY,WEST,SILVER,MANUAL
3398,BA,ABC_COMPANY,WEST,RED,AUTO
3411,BA,ABC_COMPANY,WEST,WHITE,MANUAL
3599,BA,ABC_COMPANY,WEST,YELLOW,AUTO
3613,BA,ABC_COMPANY,WEST,BLUE,MANUAL
4263,Q,ABC_COMPANY,SOUTH,GREEN,AUTO
4277,Q,ABC_COMPANY,SOUTH,BLACK,MANUAL
4291,Q,ABC_COMPANY,SOUTH,ORANGE,AUTO
4305,Q,ABC_COMPANY,SOUTH,PURPLE,MANUAL
4319,Q,ABC_COMPANY,SOUTH,BROWN,AUTO
4333,Q,ABC_COMPANY,SOUTH,VIOLET,MANUAL
4780,Q,ABC_COMPANY,SOUTH,LILIAC,AUTO
4794,Q,ABC_COMPANY,SOUTH,TEAL,MANUAL
4808,Q,ABC_COMPANY,SOUTH,PEACH,AUTO
4822,Q,ABC_COMPANY,SOUTH,PINK,MANUAL
4836,Q,ABC_COMPANY,SOUTH,GRAY,AUTO
5265,BA,ABC_COMPANY,WEST,SILVER,MANUAL
5278,BA,ABC_COMPANY,WEST,RED,AUTO
5291,BA,ABC_COMPANY,WEST,WHITE,MANUAL
5304,BA,ABC_COMPANY,WEST,YELLOW,AUTO
5317,BA,ABC_COMPANY,WEST,BLUE,MANUAL
5330,BA,ABC_COMPANY,WEST,GREEN,AUTO
5891,Q,ABC_COMPANY,SOUTH,BLACK,MANUAL
5904,Q,ABC_COMPANY,SOUTH,ORANGE,AUTO
5917,Q,ABC_COMPANY,SOUTH,PURPLE,MANUAL
5930,Q,ABC_COMPANY,SOUTH,BROWN,AUTO
5943,Q,ABC_COMPANY,SOUTH,VIOLET,MANUAL
5956,R,ABC_COMPANY,SOUTH,LILIAC,AUTO
5962,R,ABC_COMPANY,SOUTH,TEAL,MANUAL
5975,R,ABC_COMPANY,SOUTH,PEACH,AUTO
5989,R,ABC_COMPANY,SOUTH,PINK,MANUAL
6003,R,ABC_COMPANY,SOUTH,GRAY,AUTO
6017,R,ABC_COMPANY,SOUTH,SILVER,MANUAL
6031,R,ABC_COMPANY,SOUTH,RED,AUTO
6045,R,ABC_COMPANY,SOUTH,WHITE,MANUAL
6272,L,ABC_COMPANY,NORTH,YELLOW,AUTO
6285,L,ABC_COMPANY,NORTH,BLUE,MANUAL
6298,L,ABC_COMPANY,NORTH,GREEN,AUTO
6311,L,ABC_COMPANY,NORTH,BLACK,MANUAL
6324,L,ABC_COMPANY,NORTH,ORANGE,AUTO
6337,L,ABC_COMPANY,NORTH,PURPLE,MANUAL
6351,L,ABC_COMPANY,NORTH,BROWN,AUTO
6365,L,ABC_COMPANY,NORTH,VIOLET,MANUAL
6379,L,ABC_COMPANY,NORTH,LILIAC,AUTO
6785,L,ABC_COMPANY,NORTH,TEAL,MANUAL
6799,L,ABC_COMPANY,NORTH,PEACH,AUTO
7165,X,ABC_COMPANY,SOUTHEAST,PINK,MANUAL
7178,X,ABC_COMPANY,SOUTHEAST,GRAY,AUTO
7184,X,ABC_COMPANY,SOUTHEAST,SILVER,MANUAL
7204,X,ABC_COMPANY,SOUTHEAST,RED,AUTO
7655,C,ABC_COMPANY,EAST,WHITE,MANUAL
7954,R,ABC_COMPANY,SOUTH,YELLOW,AUTO
8690,C,ABC_COMPANY,EAST,BLUE,MANUAL
8704,C,ABC_COMPANY,EAST,GREEN,AUTO
9121,X,ABC_COMPANY,SOUTHEAST,BLACK,MANUAL
9135,X,ABC_COMPANY,SOUTHEAST,ORANGE,AUTO
9494,R,ABC_COMPANY,SOUTH,PURPLE,MANUAL
9508,R,ABC_COMPANY,SOUTH,BROWN,AUTO
9522,R,ABC_COMPANY,SOUTH,VIOLET,MANUAL
9536,R,ABC_COMPANY,SOUTH,LILIAC,AUTO
9736,R,ABC_COMPANY,SOUTH,TEAL,MANUAL
9750,R,ABC_COMPANY,SOUTH,PEACH,AUTO
9764,R,ABC_COMPANY,SOUTH,PINK,MANUAL
9778,R,ABC_COMPANY,SOUTH,GRAY,AUTO
9792,R,ABC_COMPANY,SOUTH,SILVER,MANUAL
9806,R,ABC_COMPANY,SOUTH,RED,AUTO
9820,R,ABC_COMPANY,SOUTH,WHITE,MANUAL
9834,R,ABC_COMPANY,SOUTH,YELLOW,AUTO
10403,BA,ABC_COMPANY,WEST,BLUE,MANUAL
10416,BA,ABC_COMPANY,WEST,GREEN,AUTO
10429,BA,ABC_COMPANY,WEST,BLACK,MANUAL
10442,BA,ABC_COMPANY,WEST,ORANGE,AUTO
10455,BA,ABC_COMPANY,WEST,PURPLE,MANUAL
10461,BA,ABC_COMPANY,WEST,BROWN,AUTO
10474,BA,ABC_COMPANY,WEST,VIOLET,MANUAL
10487,BA,ABC_COMPANY,WEST,LILIAC,AUTO
10500,BA,ABC_COMPANY,WEST,TEAL,MANUAL
10513,BA,ABC_COMPANY,WEST,PEACH,AUTO
10526,BA,ABC_COMPANY,WEST,PINK,MANUAL
10539,BA,ABC_COMPANY,WEST,GRAY,AUTO
10552,BA,ABC_COMPANY,WEST,SILVER,MANUAL
10565,BA,ABC_COMPANY,WEST,RED,AUTO
10578,BA,ABC_COMPANY,WEST,WHITE,MANUAL
10591,BA,ABC_COMPANY,WEST,YELLOW,AUTO
10604,BA,ABC_COMPANY,WEST,BLUE,MANUAL
10617,BA,ABC_COMPANY,WEST,GREEN,AUTO
10637,BA,ABC_COMPANY,WEST,BLACK,MANUAL
10650,BA,ABC_COMPANY,WEST,ORANGE,AUTO
10656,BA,ABC_COMPANY,WEST,PURPLE,MANUAL
10669,BA,ABC_COMPANY,WEST,BROWN,AUTO
10858,R,ABC_COMPANY,SOUTH,VIOLET,MANUAL
10872,R,ABC_COMPANY,SOUTH,LILIAC,AUTO
11127,C,ABC_COMPANY,EAST,TEAL,MANUAL
11497,BA,ABC_COMPANY,WEST,PEACH,AUTO
11511,BA,ABC_COMPANY,WEST,PINK,MANUAL
11525,BA,ABC_COMPANY,WEST,GRAY,AUTO
12757,BA,ABC_COMPANY,WEST,SILVER,MANUAL
12763,BA,ABC_COMPANY,WEST,RED,AUTO
12776,BA,ABC_COMPANY,WEST,WHITE,MANUAL
12913,L,ABC_COMPANY,NORTH,YELLOW,AUTO
12927,L,ABC_COMPANY,NORTH,BLUE,MANUAL
13144,R,ABC_COMPANY,SOUTH,GREEN,AUTO
13158,R,ABC_COMPANY,SOUTH,BLACK,MANUAL
13172,R,ABC_COMPANY,SOUTH,ORANGE,AUTO
13186,R,ABC_COMPANY,SOUTH,PURPLE,MANUAL
13200,R,ABC_COMPANY,SOUTH,BROWN,AUTO
13214,R,ABC_COMPANY,SOUTH,VIOLET,MANUAL
13228,R,ABC_COMPANY,SOUTH,LILIAC,AUTO
13620,C,ABC_COMPANY,EAST,TEAL,MANUAL
13634,C,ABC_COMPANY,EAST,PEACH,AUTO
14582,BA,ABC_COMPANY,WEST,PINK,MANUAL
14595,BA,ABC_COMPANY,WEST,GRAY,AUTO
14608,BA,ABC_COMPANY,WEST,SILVER,MANUAL
14621,BA,ABC_COMPANY,WEST,RED,AUTO
14635,BA,ABC_COMPANY,WEST,WHITE,MANUAL
14649,BA,ABC_COMPANY,WEST,YELLOW,AUTO
14663,BA,ABC_COMPANY,WEST,BLUE,MANUAL
14782,BA,ABC_COMPANY,WEST,GREEN,AUTO
14796,BA,ABC_COMPANY,WEST,BLACK,MANUAL
14810,BA,ABC_COMPANY,WEST,ORANGE,AUTO
15035,BA,ABC_COMPANY,WEST,PURPLE,MANUAL
15048,BA,ABC_COMPANY,WEST,BROWN,AUTO
15061,BA,ABC_COMPANY,WEST,VIOLET,MANUAL
15074,BA,ABC_COMPANY,WEST,LILIAC,AUTO
15087,BA,ABC_COMPANY,WEST,TEAL,MANUAL
15100,BA,ABC_COMPANY,WEST,PEACH,AUTO
15245,C,ABC_COMPANY,EAST,PINK,MANUAL
15258,C,ABC_COMPANY,EAST,GRAY,AUTO
15271,C,ABC_COMPANY,EAST,SILVER,MANUAL
15285,D,ABC_COMPANY,EAST,RED,AUTO
15299,D,ABC_COMPANY,EAST,WHITE,MANUAL
15313,D,ABC_COMPANY,EAST,YELLOW,AUTO
15327,D,ABC_COMPANY,EAST,BLUE,MANUAL
15341,D,ABC_COMPANY,EAST,GREEN,AUTO
15355,D,ABC_COMPANY,EAST,BLACK,MANUAL
15369,D,ABC_COMPANY,EAST,ORANGE,AUTO
15383,D,ABC_COMPANY,EAST,PURPLE,MANUAL
15817,L,ABC_COMPANY,NORTH,BROWN,AUTO
16026,X,ABC_COMPANY,SOUTHEAST,VIOLET,MANUAL
16039,X,ABC_COMPANY,SOUTHEAST,LILIAC,AUTO
16052,X,ABC_COMPANY,SOUTHEAST,TEAL,MANUAL
16065,X,ABC_COMPANY,SOUTHEAST,PEACH,AUTO
16078,X,ABC_COMPANY,SOUTHEAST,PINK,MANUAL
16091,X,ABC_COMPANY,SOUTHEAST,GRAY,AUTO
16104,X,ABC_COMPANY,SOUTHEAST,SILVER,MANUAL
16117,X,ABC_COMPANY,SOUTHEAST,RED,AUTO
16130,X,ABC_COMPANY,SOUTHEAST,WHITE,MANUAL
16143,X,ABC_COMPANY,SOUTHEAST,YELLOW,AUTO
16572,L,ABC_COMPANY,NORTH,BLUE,MANUAL
16585,L,ABC_COMPANY,NORTH,GREEN,AUTO
16598,L,ABC_COMPANY,NORTH,BLACK,MANUAL
16611,L,ABC_COMPANY,NORTH,ORANGE,AUTO
16624,L,ABC_COMPANY,NORTH,PURPLE,MANUAL
16801,L,ABC_COMPANY,NORTH,BROWN,AUTO
16815,L,ABC_COMPANY,NORTH,VIOLET,MANUAL
16829,L,ABC_COMPANY,NORTH,LILIAC,AUTO
16843,L,ABC_COMPANY,NORTH,TEAL,MANUAL
16857,L,ABC_COMPANY,NORTH,PEACH,AUTO
16871,L,ABC_COMPANY,NORTH,PINK,MANUAL
17267,BA,ABC_COMPANY,WEST,GRAY,AUTO
17622,D,ABC_COMPANY,EAST,SILVER,MANUAL
17635,D,ABC_COMPANY,EAST,RED,AUTO
17648,D,ABC_COMPANY,EAST,WHITE,MANUAL
17661,D,ABC_COMPANY,EAST,YELLOW,AUTO
17674,D,ABC_COMPANY,EAST,BLUE,MANUAL
17687,D,ABC_COMPANY,EAST,GREEN,AUTO
17701,E,ABC_COMPANY,EAST,BLACK,MANUAL
17715,E,ABC_COMPANY,EAST,ORANGE,AUTO
17729,E,ABC_COMPANY,EAST,PURPLE,MANUAL
18198,R,ABC_COMPANY,SOUTH,BROWN,AUTO
18212,R,ABC_COMPANY,SOUTH,VIOLET,MANUAL
18226,R,ABC_COMPANY,SOUTH,LILIAC,AUTO
18240,R,ABC_COMPANY,SOUTH,TEAL,MANUAL
18254,R,ABC_COMPANY,SOUTH,PEACH,AUTO
18268,R,ABC_COMPANY,SOUTH,PINK,MANUAL
18282,R,ABC_COMPANY,SOUTH,GRAY,AUTO
18296,R,ABC_COMPANY,SOUTH,SILVER,MANUAL
18408,L,ABC_COMPANY,NORTH,RED,AUTO
18422,M,ABC_COMPANY,NORTH,WHITE,MANUAL
18605,M,ABC_COMPANY,NORTH,YELLOW,AUTO
18731,BA,ABC_COMPANY,WEST,BLUE,MANUAL
18744,BA,ABC_COMPANY,WEST,GREEN,AUTO
18757,BA,ABC_COMPANY,WEST,BLACK,MANUAL
18770,BA,ABC_COMPANY,WEST,ORANGE,AUTO
18783,BA,ABC_COMPANY,WEST,PURPLE,MANUAL
18796,BA,ABC_COMPANY,WEST,BROWN,AUTO
18802,BA,ABC_COMPANY,WEST,VIOLET,MANUAL
18815,BA,ABC_COMPANY,WEST,LILIAC,AUTO
18828,BA,ABC_COMPANY,WEST,TEAL,MANUAL
19312,X,ABC_COMPANY,SOUTHEAST,PEACH,AUTO
19326,X,ABC_COMPANY,SOUTHEAST,PINK,MANUAL
19485,BA,ABC_COMPANY,WEST,GRAY,AUTO
20074,X,ABC_COMPANY,SOUTHEAST,SILVER,MANUAL
20087,X,ABC_COMPANY,SOUTHEAST,RED,AUTO
20100,X,ABC_COMPANY,SOUTHEAST,WHITE,MANUAL
20113,X,ABC_COMPANY,SOUTHEAST,YELLOW,AUTO
20126,X,ABC_COMPANY,SOUTHEAST,BLUE,MANUAL
20139,X,ABC_COMPANY,SOUTHEAST,GREEN,AUTO
20153,X,ABC_COMPANY,SOUTHEAST,BLACK,MANUAL
20401,M,ABC_COMPANY,NORTH,ORANGE,AUTO
20414,M,ABC_COMPANY,NORTH,PURPLE,MANUAL
20904,R,ABC_COMPANY,SOUTH,BROWN,AUTO
20918,R,ABC_COMPANY,SOUTH,VIOLET,MANUAL
20932,R,ABC_COMPANY,SOUTH,LILIAC,AUTO
21243,BA,ABC_COMPANY,WEST,TEAL,MANUAL
21257,BA,ABC_COMPANY,WEST,PEACH,AUTO
21271,BA,ABC_COMPANY,WEST,PINK,MANUAL
21285,BA,ABC_COMPANY,WEST,GRAY,AUTO
21299,BA,ABC_COMPANY,WEST,SILVER,MANUAL
21313,BA,ABC_COMPANY,WEST,RED,AUTO
21696,R,ABC_COMPANY,SOUTH,WHITE,MANUAL
21709,R,ABC_COMPANY,SOUTH,YELLOW,AUTO
21722,R,ABC_COMPANY,SOUTH,BLUE,MANUAL
21735,S,ABC_COMPANY,SOUTH,GREEN,AUTO
21748,S,ABC_COMPANY,SOUTH,BLACK,MANUAL
21761,S,ABC_COMPANY,SOUTH,ORANGE,AUTO
21774,S,ABC_COMPANY,SOUTH,PURPLE,MANUAL
21787,S,ABC_COMPANY,SOUTH,BROWN,AUTO
21800,S,ABC_COMPANY,SOUTH,VIOLET,MANUAL
21813,S,ABC_COMPANY,SOUTH,LILIAC,AUTO
21819,S,ABC_COMPANY,SOUTH,TEAL,MANUAL
21832,S,ABC_COMPANY,SOUTH,PEACH,AUTO
21958,M,ABC_COMPANY,NORTH,PINK,MANUAL
21972,M,ABC_COMPANY,NORTH,GRAY,AUTO
22082,E,ABC_COMPANY,EAST,SILVER,MANUAL
22095,E,ABC_COMPANY,EAST,RED,AUTO
22108,E,ABC_COMPANY,EAST,WHITE,MANUAL
22122,E,ABC_COMPANY,EAST,YELLOW,AUTO
22136,E,ABC_COMPANY,EAST,BLUE,MANUAL
22274,M,ABC_COMPANY,NORTH,GREEN,AUTO
22288,M,ABC_COMPANY,NORTH,BLACK,MANUAL
22302,M,ABC_COMPANY,NORTH,ORANGE,AUTO
22316,M,ABC_COMPANY,NORTH,PURPLE,MANUAL
22563,E,ABC_COMPANY,EAST,BROWN,AUTO
22576,E,ABC_COMPANY,EAST,VIOLET,MANUAL
22589,E,ABC_COMPANY,EAST,LILIAC,AUTO
22603,F,ABC_COMPANY,EAST,TEAL,MANUAL
22617,F,ABC_COMPANY,EAST,PEACH,AUTO
22861,X,ABC_COMPANY,SOUTHEAST,PINK,MANUAL
22874,X,ABC_COMPANY,SOUTHEAST,GRAY,AUTO
22887,X,ABC_COMPANY,SOUTHEAST,SILVER,MANUAL
22900,X,ABC_COMPANY,SOUTHEAST,RED,AUTO
22913,X,ABC_COMPANY,SOUTHEAST,WHITE,MANUAL
22933,X,ABC_COMPANY,SOUTHEAST,YELLOW,AUTO
22946,X,ABC_COMPANY,SOUTHEAST,BLUE,MANUAL
22959,X,ABC_COMPANY,SOUTHEAST,GREEN,AUTO
22979,X,ABC_COMPANY,SOUTHEAST,BLACK,MANUAL
24468,S,ABC_COMPANY,SOUTH,ORANGE,AUTO
24482,S,ABC_COMPANY,SOUTH,PURPLE,MANUAL
24496,S,ABC_COMPANY,SOUTH,BROWN,AUTO
24510,S,ABC_COMPANY,SOUTH,VIOLET,MANUAL
24524,S,ABC_COMPANY,SOUTH,LILIAC,AUTO
24538,S,ABC_COMPANY,SOUTH,TEAL,MANUAL
24743,X,ABC_COMPANY,SOUTHEAST,PEACH,AUTO
25394,X,ABC_COMPANY,SOUTHEAST,PINK,MANUAL
25408,X,ABC_COMPANY,SOUTHEAST,GRAY,AUTO
25422,X,ABC_COMPANY,SOUTHEAST,SILVER,MANUAL
25436,X,ABC_COMPANY,SOUTHEAST,RED,AUTO
26899,BA,ABC_COMPANY,WEST,WHITE,MANUAL
26912,BA,ABC_COMPANY,WEST,YELLOW,AUTO
26918,BA,ABC_COMPANY,WEST,BLUE,MANUAL
26931,BA,ABC_COMPANY,WEST,GREEN,AUTO
26944,BA,ABC_COMPANY,WEST,BLACK,MANUAL
26957,BA,ABC_COMPANY,WEST,ORANGE,AUTO
26970,BA,ABC_COMPANY,WEST,PURPLE,MANUAL
26984,BA,ABC_COMPANY,WEST,BROWN,AUTO
27698,M,ABC_COMPANY,NORTH,VIOLET,MANUAL
27711,M,ABC_COMPANY,NORTH,LILIAC,AUTO
27724,M,ABC_COMPANY,NORTH,TEAL,MANUAL
27737,M,ABC_COMPANY,NORTH,PEACH,AUTO
27750,M,ABC_COMPANY,NORTH,PINK,MANUAL
27763,M,ABC_COMPANY,NORTH,GRAY,AUTO
27776,M,ABC_COMPANY,NORTH,SILVER,MANUAL
27789,M,ABC_COMPANY,NORTH,RED,AUTO
27802,M,ABC_COMPANY,NORTH,WHITE,MANUAL
27816,M,ABC_COMPANY,NORTH,YELLOW,AUTO
28049,F,ABC_COMPANY,EAST,BLUE,MANUAL
28063,F,ABC_COMPANY,EAST,GREEN,AUTO
28077,F,ABC_COMPANY,EAST,BLACK,MANUAL
28091,F,ABC_COMPANY,EAST,ORANGE,AUTO
28105,F,ABC_COMPANY,EAST,PURPLE,MANUAL
28119,F,ABC_COMPANY,EAST,BROWN,AUTO
28133,F,ABC_COMPANY,EAST,VIOLET,MANUAL
28147,F,ABC_COMPANY,EAST,LILIAC,AUTO
28161,F,ABC_COMPANY,EAST,TEAL,MANUAL
28175,F,ABC_COMPANY,EAST,PEACH,AUTO
28189,F,ABC_COMPANY,EAST,PINK,MANUAL
28203,F,ABC_COMPANY,EAST,GRAY,AUTO
28864,S,ABC_COMPANY,SOUTH,SILVER,MANUAL
28878,S,ABC_COMPANY,SOUTH,RED,AUTO
28892,S,ABC_COMPANY,SOUTH,WHITE,MANUAL
28906,S,ABC_COMPANY,SOUTH,YELLOW,AUTO
28920,S,ABC_COMPANY,SOUTH,BLUE,MANUAL
28934,S,ABC_COMPANY,SOUTH,GREEN,AUTO
30413,M,ABC_COMPANY,NORTH,BLACK,MANUAL
30603,BA,ABC_COMPANY,WEST,ORANGE,AUTO
30829,X,ABC_COMPANY,SOUTHEAST,PURPLE,MANUAL
31090,BA,ABC_COMPANY,WEST,BROWN,AUTO
31103,BA,ABC_COMPANY,WEST,VIOLET,MANUAL
31116,BA,ABC_COMPANY,WEST,LILIAC,AUTO
31129,BA,ABC_COMPANY,WEST,TEAL,MANUAL
31142,BA,ABC_COMPANY,WEST,PEACH,AUTO
31155,BA,ABC_COMPANY,WEST,PINK,MANUAL
31161,BA,ABC_COMPANY,WEST,GRAY,AUTO
31175,BA,ABC_COMPANY,WEST,SILVER,MANUAL
31189,BA,ABC_COMPANY,WEST,RED,AUTO
31408,BA,ABC_COMPANY,WEST,WHITE,MANUAL
31421,BA,ABC_COMPANY,WEST,YELLOW,AUTO
31434,BA,ABC_COMPANY,WEST,BLUE,MANUAL
31447,BA,ABC_COMPANY,WEST,GREEN,AUTO
31460,BA,ABC_COMPANY,WEST,BLACK,MANUAL
31473,BA,ABC_COMPANY,WEST,ORANGE,AUTO
31479,BA,ABC_COMPANY,WEST,PURPLE,MANUAL
31492,BA,ABC_COMPANY,WEST,BROWN,AUTO
31505,BA,ABC_COMPANY,WEST,VIOLET,MANUAL
31518,BA,ABC_COMPANY,WEST,LILIAC,AUTO
31531,BA,ABC_COMPANY,WEST,TEAL,MANUAL
31544,BA,ABC_COMPANY,WEST,PEACH,AUTO
31557,BA,ABC_COMPANY,WEST,PINK,MANUAL
31570,BA,ABC_COMPANY,WEST,GRAY,AUTO
31584,BA,ABC_COMPANY,WEST,SILVER,MANUAL
31736,S,ABC_COMPANY,SOUTH,RED,AUTO
31749,S,ABC_COMPANY,SOUTH,WHITE,MANUAL
31762,S,ABC_COMPANY,SOUTH,YELLOW,AUTO
32121,X,ABC_COMPANY,SOUTHEAST,BLUE,MANUAL
32583,S,ABC_COMPANY,SOUTH,GREEN,AUTO
32597,S,ABC_COMPANY,SOUTH,BLACK,MANUAL
32611,S,ABC_COMPANY,SOUTH,ORANGE,AUTO
33283,S,ABC_COMPANY,SOUTH,PURPLE,MANUAL
33297,S,ABC_COMPANY,SOUTH,BROWN,AUTO
33458,X,ABC_COMPANY,SOUTHEAST,VIOLET,MANUAL
33471,X,ABC_COMPANY,SOUTHEAST,LILIAC,AUTO
33484,X,ABC_COMPANY,SOUTHEAST,TEAL,MANUAL
33497,X,ABC_COMPANY,SOUTHEAST,PEACH,AUTO
33510,X,ABC_COMPANY,SOUTHEAST,PINK,MANUAL
33523,Y,ABC_COMPANY,SOUTHEAST,GRAY,AUTO
33536,Y,ABC_COMPANY,SOUTHEAST,SILVER,MANUAL
33549,Y,ABC_COMPANY,SOUTHEAST,RED,AUTO
33562,Y,ABC_COMPANY,SOUTHEAST,WHITE,MANUAL
33575,Y,ABC_COMPANY,SOUTHEAST,YELLOW,AUTO
33588,Y,ABC_COMPANY,SOUTHEAST,BLUE,MANUAL
33602,Y,ABC_COMPANY,SOUTHEAST,GREEN,AUTO
33616,Y,ABC_COMPANY,SOUTHEAST,BLACK,MANUAL
33630,Y,ABC_COMPANY,SOUTHEAST,ORANGE,AUTO
33644,Y,ABC_COMPANY,SOUTHEAST,PURPLE,MANUAL
33658,Y,ABC_COMPANY,SOUTHEAST,BROWN,AUTO
33832,M,ABC_COMPANY,NORTH,VIOLET,MANUAL
33846,M,ABC_COMPANY,NORTH,LILIAC,AUTO
33967,M,ABC_COMPANY,NORTH,TEAL,MANUAL
33980,M,ABC_COMPANY,NORTH,PEACH,AUTO
33993,M,ABC_COMPANY,NORTH,PINK,MANUAL
34006,M,ABC_COMPANY,NORTH,GRAY,AUTO
34019,M,ABC_COMPANY,NORTH,SILVER,MANUAL
34032,M,ABC_COMPANY,NORTH,RED,AUTO
34045,M,ABC_COMPANY,NORTH,WHITE,MANUAL
34059,M,ABC_COMPANY,NORTH,YELLOW,AUTO
34073,N,ABC_COMPANY,NORTH,BLUE,MANUAL
34087,N,ABC_COMPANY,NORTH,GREEN,AUTO
34101,N,ABC_COMPANY,NORTH,BLACK,MANUAL
34115,N,ABC_COMPANY,NORTH,ORANGE,AUTO
34402,F,ABC_COMPANY,EAST,PURPLE,MANUAL
34521,BA,ABC_COMPANY,WEST,BROWN,AUTO
34534,BA,ABC_COMPANY,WEST,VIOLET,MANUAL
34547,BA,ABC_COMPANY,WEST,LILIAC,AUTO
34560,BA,ABC_COMPANY,WEST,TEAL,MANUAL
34573,BA,ABC_COMPANY,WEST,PEACH,AUTO
34586,BA,ABC_COMPANY,WEST,PINK,MANUAL
34592,BA,ABC_COMPANY,WEST,GRAY,AUTO
34605,BA,ABC_COMPANY,WEST,SILVER,MANUAL
34619,BA,ABC_COMPANY,WEST,RED,AUTO
34633,BA,ABC_COMPANY,WEST,WHITE,MANUAL
34647,BA,ABC_COMPANY,WEST,YELLOW,AUTO
34661,BA,ABC_COMPANY,WEST,BLUE,MANUAL
34675,BA,ABC_COMPANY,WEST,GREEN,AUTO
35089,S,ABC_COMPANY,SOUTH,BLACK,MANUAL
35103,S,ABC_COMPANY,SOUTH,ORANGE,AUTO
35117,S,ABC_COMPANY,SOUTH,PURPLE,MANUAL
35131,S,ABC_COMPANY,SOUTH,BROWN,AUTO
35145,S,ABC_COMPANY,SOUTH,VIOLET,MANUAL
35491,BA,ABC_COMPANY,WEST,LILIAC,AUTO
35504,BA,ABC_COMPANY,WEST,TEAL,MANUAL
35517,BA,ABC_COMPANY,WEST,PEACH,AUTO
35530,BA,ABC_COMPANY,WEST,PINK,MANUAL
35536,BA,ABC_COMPANY,WEST,GRAY,AUTO
35549,BA,ABC_COMPANY,WEST,SILVER,MANUAL
35562,BA,ABC_COMPANY,WEST,RED,AUTO
35575,BA,ABC_COMPANY,WEST,WHITE,MANUAL
35588,BA,ABC_COMPANY,WEST,YELLOW,AUTO
35601,BA,ABC_COMPANY,WEST,BLUE,MANUAL
35614,BA,ABC_COMPANY,WEST,GREEN,AUTO
35627,BA,ABC_COMPANY,WEST,BLACK,MANUAL
35640,BA,ABC_COMPANY,WEST,ORANGE,AUTO
35654,BA,ABC_COMPANY,WEST,PURPLE,MANUAL
35668,BA,ABC_COMPANY,WEST,BROWN,AUTO
37682,S,ABC_COMPANY,SOUTH,VIOLET,MANUAL
37696,T,ABC_COMPANY,SOUTH,LILIAC,AUTO
37710,T,ABC_COMPANY,SOUTH,TEAL,MANUAL
37724,T,ABC_COMPANY,SOUTH,PEACH,AUTO
37738,T,ABC_COMPANY,SOUTH,PINK,MANUAL
37752,T,ABC_COMPANY,SOUTH,GRAY,AUTO
37766,T,ABC_COMPANY,SOUTH,SILVER,MANUAL
37780,T,ABC_COMPANY,SOUTH,RED,AUTO
37794,T,ABC_COMPANY,SOUTH,WHITE,MANUAL
37808,T,ABC_COMPANY,SOUTH,YELLOW,AUTO
37822,T,ABC_COMPANY,SOUTH,BLUE,MANUAL
38357,T,ABC_COMPANY,SOUTH,GREEN,AUTO
38371,T,ABC_COMPANY,SOUTH,BLACK,MANUAL
38525,N,ABC_COMPANY,NORTH,ORANGE,AUTO
38538,N,ABC_COMPANY,NORTH,PURPLE,MANUAL
38605,N,ABC_COMPANY,NORTH,BROWN,AUTO
38618,N,ABC_COMPANY,NORTH,VIOLET,MANUAL
38631,N,ABC_COMPANY,NORTH,LILIAC,AUTO
38644,N,ABC_COMPANY,NORTH,TEAL,MANUAL
38657,N,ABC_COMPANY,NORTH,PEACH,AUTO
38670,N,ABC_COMPANY,NORTH,PINK,MANUAL
38683,N,ABC_COMPANY,NORTH,GRAY,AUTO
38856,N,ABC_COMPANY,NORTH,SILVER,MANUAL
39135,T,ABC_COMPANY,SOUTH,RED,AUTO
39149,T,ABC_COMPANY,SOUTH,WHITE,MANUAL
39163,T,ABC_COMPANY,SOUTH,YELLOW,AUTO
39177,T,ABC_COMPANY,SOUTH,BLUE,MANUAL
39191,T,ABC_COMPANY,SOUTH,GREEN,AUTO
39205,T,ABC_COMPANY,SOUTH,BLACK,MANUAL
39219,T,ABC_COMPANY,SOUTH,ORANGE,AUTO
39233,T,ABC_COMPANY,SOUTH,PURPLE,MANUAL
39247,T,ABC_COMPANY,SOUTH,BROWN,AUTO
39261,T,ABC_COMPANY,SOUTH,VIOLET,MANUAL
39275,T,ABC_COMPANY,SOUTH,LILIAC,AUTO
39598,T,ABC_COMPANY,SOUTH,TEAL,MANUAL
39756,G,ABC_COMPANY,EAST,PEACH,AUTO
39769,G,ABC_COMPANY,EAST,PINK,MANUAL
39782,G,ABC_COMPANY,EAST,GRAY,AUTO
39795,G,ABC_COMPANY,EAST,SILVER,MANUAL
39808,G,ABC_COMPANY,EAST,RED,AUTO
39822,G,ABC_COMPANY,EAST,WHITE,MANUAL
40070,BA,ABC_COMPANY,WEST,YELLOW,AUTO
40083,BA,ABC_COMPANY,WEST,BLUE,MANUAL
40096,BA,ABC_COMPANY,WEST,GREEN,AUTO
40109,BA,ABC_COMPANY,WEST,BLACK,MANUAL
40122,BA,ABC_COMPANY,WEST,ORANGE,AUTO
40135,BA,ABC_COMPANY,WEST,PURPLE,MANUAL
40148,BA,ABC_COMPANY,WEST,BROWN,AUTO
40161,BA,ABC_COMPANY,WEST,VIOLET,MANUAL
40174,CA,ABC_COMPANY,WEST,LILIAC,AUTO
40187,CA,ABC_COMPANY,WEST,TEAL,MANUAL
40200,CA,ABC_COMPANY,WEST,PEACH,AUTO
40213,CA,ABC_COMPANY,WEST,PINK,MANUAL
40226,CA,ABC_COMPANY,WEST,GRAY,AUTO
40239,CA,ABC_COMPANY,WEST,SILVER,MANUAL
40252,CA,ABC_COMPANY,WEST,RED,AUTO
40258,CA,ABC_COMPANY,WEST,WHITE,MANUAL
40271,CA,ABC_COMPANY,WEST,YELLOW,AUTO
40284,CA,ABC_COMPANY,WEST,BLUE,MANUAL
40297,CA,ABC_COMPANY,WEST,GREEN,AUTO
40310,CA,ABC_COMPANY,WEST,BLACK,MANUAL
40323,CA,ABC_COMPANY,WEST,ORANGE,AUTO
40336,CA,ABC_COMPANY,WEST,PURPLE,MANUAL
40349,CA,ABC_COMPANY,WEST,BROWN,AUTO
40362,CA,ABC_COMPANY,WEST,VIOLET,MANUAL
40375,CA,ABC_COMPANY,WEST,LILIAC,AUTO
40388,CA,ABC_COMPANY,WEST,TEAL,MANUAL
40401,CA,ABC_COMPANY,WEST,PEACH,AUTO
40414,CA,ABC_COMPANY,WEST,PINK,MANUAL
40427,CA,ABC_COMPANY,WEST,GRAY,AUTO
40440,CA,ABC_COMPANY,WEST,SILVER,MANUAL
40663,G,ABC_COMPANY,EAST,RED,AUTO
41112,T,ABC_COMPANY,SOUTH,WHITE,MANUAL
41126,T,ABC_COMPANY,SOUTH,YELLOW,AUTO
41140,U,ABC_COMPANY,SOUTH,BLUE,MANUAL
41154,U,ABC_COMPANY,SOUTH,GREEN,AUTO
41168,U,ABC_COMPANY,SOUTH,BLACK,MANUAL
41182,U,ABC_COMPANY,SOUTH,ORANGE,AUTO
41196,U,ABC_COMPANY,SOUTH,PURPLE,MANUAL
41210,U,ABC_COMPANY,SOUTH,BROWN,AUTO
41490,CA,ABC_COMPANY,WEST,VIOLET,MANUAL
41496,CA,ABC_COMPANY,WEST,LILIAC,AUTO
41509,CA,ABC_COMPANY,WEST,TEAL,MANUAL
41903,U,ABC_COMPANY,SOUTH,PEACH,AUTO
41917,U,ABC_COMPANY,SOUTH,PINK,MANUAL
41931,U,ABC_COMPANY,SOUTH,GRAY,AUTO
41945,U,ABC_COMPANY,SOUTH,SILVER,MANUAL
41959,U,ABC_COMPANY,SOUTH,RED,AUTO
41973,U,ABC_COMPANY,SOUTH,WHITE,MANUAL
41987,U,ABC_COMPANY,SOUTH,YELLOW,AUTO
42001,U,ABC_COMPANY,SOUTH,BLUE,MANUAL
42472,U,ABC_COMPANY,SOUTH,GREEN,AUTO
42486,U,ABC_COMPANY,SOUTH,BLACK,MANUAL
43363,G,ABC_COMPANY,EAST,ORANGE,AUTO
43637,N,ABC_COMPANY,NORTH,PURPLE,MANUAL
43888,U,ABC_COMPANY,SOUTH,BROWN,AUTO
43902,U,ABC_COMPANY,SOUTH,VIOLET,MANUAL
43916,U,ABC_COMPANY,SOUTH,LILIAC,AUTO
44618,CA,ABC_COMPANY,WEST,TEAL,MANUAL
44631,CA,ABC_COMPANY,WEST,PEACH,AUTO
44644,CA,ABC_COMPANY,WEST,PINK,MANUAL
44657,CA,ABC_COMPANY,WEST,GRAY,AUTO
44670,CA,ABC_COMPANY,WEST,SILVER,MANUAL
44683,CA,ABC_COMPANY,WEST,RED,AUTO
44696,CA,ABC_COMPANY,WEST,WHITE,MANUAL
46152,Y,ABC_COMPANY,SOUTHEAST,YELLOW,AUTO
46165,Y,ABC_COMPANY,SOUTHEAST,BLUE,MANUAL
46178,Y,ABC_COMPANY,SOUTHEAST,GREEN,AUTO
46191,Y,ABC_COMPANY,SOUTHEAST,BLACK,MANUAL
46204,Y,ABC_COMPANY,SOUTHEAST,ORANGE,AUTO
46494,N,ABC_COMPANY,NORTH,PURPLE,MANUAL
46508,N,ABC_COMPANY,NORTH,BROWN,AUTO
46522,N,ABC_COMPANY,NORTH,VIOLET,MANUAL
46536,N,ABC_COMPANY,NORTH,LILIAC,AUTO
46721,N,ABC_COMPANY,NORTH,TEAL,MANUAL
46734,N,ABC_COMPANY,NORTH,PEACH,AUTO
46748,N,ABC_COMPANY,NORTH,PINK,MANUAL
46762,N,ABC_COMPANY,NORTH,GRAY,AUTO
46776,N,ABC_COMPANY,NORTH,SILVER,MANUAL
47009,Y,ABC_COMPANY,SOUTHEAST,RED,AUTO
47023,Y,ABC_COMPANY,SOUTHEAST,WHITE,MANUAL
47164,G,ABC_COMPANY,EAST,YELLOW,AUTO
47178,G,ABC_COMPANY,EAST,BLUE,MANUAL
47314,G,ABC_COMPANY,EAST,GREEN,AUTO
48085,Y,ABC_COMPANY,SOUTHEAST,BLACK,MANUAL
48596,Y,ABC_COMPANY,SOUTHEAST,ORANGE,AUTO
48602,Y,ABC_COMPANY,SOUTHEAST,PURPLE,MANUAL
48615,Y,ABC_COMPANY,SOUTHEAST,BROWN,AUTO
48628,Y,ABC_COMPANY,SOUTHEAST,VIOLET,MANUAL
48641,Y,ABC_COMPANY,SOUTHEAST,LILIAC,AUTO
48654,Y,ABC_COMPANY,SOUTHEAST,TEAL,MANUAL
48667,Y,ABC_COMPANY,SOUTHEAST,PEACH,AUTO
48680,Y,ABC_COMPANY,SOUTHEAST,PINK,MANUAL
48693,Y,ABC_COMPANY,SOUTHEAST,GRAY,AUTO
48706,Y,ABC_COMPANY,SOUTHEAST,SILVER,MANUAL
48719,Y,ABC_COMPANY,SOUTHEAST,RED,AUTO
49016,Y,ABC_COMPANY,SOUTHEAST,WHITE,MANUAL
49030,Y,ABC_COMPANY,SOUTHEAST,YELLOW,AUTO
49044,Y,ABC_COMPANY,SOUTHEAST,BLUE,MANUAL
49058,Y,ABC_COMPANY,SOUTHEAST,GREEN,AUTO
49219,G,ABC_COMPANY,EAST,BLACK,MANUAL
49232,G,ABC_COMPANY,EAST,ORANGE,AUTO
49245,H,ABC_COMPANY,EAST,PURPLE,MANUAL
49258,H,ABC_COMPANY,EAST,BROWN,AUTO
49271,H,ABC_COMPANY,EAST,VIOLET,MANUAL
49404,U,ABC_COMPANY,SOUTH,LILIAC,AUTO
49418,U,ABC_COMPANY,SOUTH,TEAL,MANUAL
49432,U,ABC_COMPANY,SOUTH,PEACH,AUTO
49796,H,ABC_COMPANY,EAST,PINK,MANUAL
49810,H,ABC_COMPANY,EAST,GRAY,AUTO
50491,Y,ABC_COMPANY,SOUTHEAST,SILVER,MANUAL
50504,Y,ABC_COMPANY,SOUTHEAST,RED,AUTO
50517,Y,ABC_COMPANY,SOUTHEAST,WHITE,MANUAL
50530,Y,ABC_COMPANY,SOUTHEAST,YELLOW,AUTO
50543,Y,ABC_COMPANY,SOUTHEAST,BLUE,MANUAL
50556,Y,ABC_COMPANY,SOUTHEAST,GREEN,AUTO
50569,Y,ABC_COMPANY,SOUTHEAST,BLACK,MANUAL
50582,Y,ABC_COMPANY,SOUTHEAST,ORANGE,AUTO
50588,Y,ABC_COMPANY,SOUTHEAST,PURPLE,MANUAL
50601,Y,ABC_COMPANY,SOUTHEAST,BROWN,AUTO
50618,Y,ABC_COMPANY,SOUTHEAST,VIOLET,MANUAL
50772,CA,ABC_COMPANY,WEST,LILIAC,AUTO
50785,CA,ABC_COMPANY,WEST,TEAL,MANUAL
50805,CA,ABC_COMPANY,WEST,PEACH,AUTO
50811,CA,ABC_COMPANY,WEST,PINK,MANUAL
50824,CA,ABC_COMPANY,WEST,GRAY,AUTO
50837,CA,ABC_COMPANY,WEST,SILVER,MANUAL
50850,CA,ABC_COMPANY,WEST,RED,AUTO
50863,CA,ABC_COMPANY,WEST,WHITE,MANUAL
51392,U,ABC_COMPANY,SOUTH,YELLOW,AUTO
51851,H,ABC_COMPANY,EAST,BLUE,MANUAL
51865,H,ABC_COMPANY,EAST,GREEN,AUTO
51879,H,ABC_COMPANY,EAST,BLACK,MANUAL
51893,H,ABC_COMPANY,EAST,ORANGE,AUTO
52130,U,ABC_COMPANY,SOUTH,PURPLE,MANUAL
52144,U,ABC_COMPANY,SOUTH,BROWN,AUTO
52158,U,ABC_COMPANY,SOUTH,VIOLET,MANUAL
52172,U,ABC_COMPANY,SOUTH,LILIAC,AUTO
52589,U,ABC_COMPANY,SOUTH,TEAL,MANUAL
52602,U,ABC_COMPANY,SOUTH,PEACH,AUTO
52615,U,ABC_COMPANY,SOUTH,PINK,MANUAL
52628,U,ABC_COMPANY,SOUTH,GRAY,AUTO
52641,U,ABC_COMPANY,SOUTH,SILVER,MANUAL
52654,U,ABC_COMPANY,SOUTH,RED,AUTO
52660,U,ABC_COMPANY,SOUTH,WHITE,MANUAL
52674,U,ABC_COMPANY,SOUTH,YELLOW,AUTO
52886,CA,ABC_COMPANY,WEST,BLUE,MANUAL
52899,CA,ABC_COMPANY,WEST,GREEN,AUTO
52912,CA,ABC_COMPANY,WEST,BLACK,MANUAL
52925,CA,ABC_COMPANY,WEST,ORANGE,AUTO
52938,CA,ABC_COMPANY,WEST,PURPLE,MANUAL
52951,CA,ABC_COMPANY,WEST,BROWN,AUTO
52964,CA,ABC_COMPANY,WEST,VIOLET,MANUAL
52977,CA,ABC_COMPANY,WEST,LILIAC,AUTO
52990,CA,ABC_COMPANY,WEST,TEAL,MANUAL
53004,CA,ABC_COMPANY,WEST,PEACH,AUTO
53018,CA,ABC_COMPANY,WEST,PINK,MANUAL
53299,U,ABC_COMPANY,SOUTH,GRAY,AUTO
53313,U,ABC_COMPANY,SOUTH,SILVER,MANUAL
53327,U,ABC_COMPANY,SOUTH,RED,AUTO
53341,U,ABC_COMPANY,SOUTH,WHITE,MANUAL
53355,U,ABC_COMPANY,SOUTH,YELLOW,AUTO
53369,U,ABC_COMPANY,SOUTH,BLUE,MANUAL
53383,U,ABC_COMPANY,SOUTH,GREEN,AUTO
53550,Y,ABC_COMPANY,SOUTHEAST,BLACK,MANUAL
53563,Y,ABC_COMPANY,SOUTHEAST,ORANGE,AUTO
53576,Y,ABC_COMPANY,SOUTHEAST,PURPLE,MANUAL
53589,Y,ABC_COMPANY,SOUTHEAST,BROWN,AUTO
53602,Y,ABC_COMPANY,SOUTHEAST,VIOLET,MANUAL
53615,Y,ABC_COMPANY,SOUTHEAST,LILIAC,AUTO
53628,Y,ABC_COMPANY,SOUTHEAST,TEAL,MANUAL
53642,Y,ABC_COMPANY,SOUTHEAST,PEACH,AUTO
53656,Y,ABC_COMPANY,SOUTHEAST,PINK,MANUAL
53670,Y,ABC_COMPANY,SOUTHEAST,GRAY,AUTO
53928,U,ABC_COMPANY,SOUTH,SILVER,MANUAL
53934,U,ABC_COMPANY,SOUTH,RED,AUTO
53947,U,ABC_COMPANY,SOUTH,WHITE,MANUAL
53961,U,ABC_COMPANY,SOUTH,YELLOW,AUTO
54215,H,ABC_COMPANY,EAST,BLUE,MANUAL
54334,CA,ABC_COMPANY,WEST,GREEN,AUTO
54348,CA,ABC_COMPANY,WEST,BLACK,MANUAL
54362,CA,ABC_COMPANY,WEST,ORANGE,AUTO
54960,H,ABC_COMPANY,EAST,PURPLE,MANUAL
54974,H,ABC_COMPANY,EAST,BROWN,AUTO
55794,U,ABC_COMPANY,SOUTH,VIOLET,MANUAL
55808,U,ABC_COMPANY,SOUTH,LILIAC,AUTO
56032,U,ABC_COMPANY,SOUTH,TEAL,MANUAL
56218,H,ABC_COMPANY,EAST,PEACH,AUTO
56231,H,ABC_COMPANY,EAST,PINK,MANUAL
56244,H,ABC_COMPANY,EAST,GRAY,AUTO
56257,H,ABC_COMPANY,EAST,SILVER,MANUAL
56270,H,ABC_COMPANY,EAST,RED,AUTO
56283,I,ABC_COMPANY,EAST,WHITE,MANUAL
56296,I,ABC_COMPANY,EAST,YELLOW,AUTO
56492,U,ABC_COMPANY,SOUTH,BLUE,MANUAL
56505,U,ABC_COMPANY,SOUTH,GREEN,AUTO
56518,U,ABC_COMPANY,SOUTH,BLACK,MANUAL
56531,U,ABC_COMPANY,SOUTH,ORANGE,AUTO
56544,U,ABC_COMPANY,SOUTH,PURPLE,MANUAL
56557,U,ABC_COMPANY,SOUTH,BROWN,AUTO
56563,U,ABC_COMPANY,SOUTH,VIOLET,MANUAL
56757,CA,ABC_COMPANY,WEST,LILIAC,AUTO
56771,CA,ABC_COMPANY,WEST,TEAL,MANUAL
57347,I,ABC_COMPANY,EAST,PEACH,AUTO
57361,I,ABC_COMPANY,EAST,PINK,MANUAL
57676,U,ABC_COMPANY,SOUTH,GRAY,AUTO
57690,U,ABC_COMPANY,SOUTH,SILVER,MANUAL
57704,U,ABC_COMPANY,SOUTH,RED,AUTO
57718,U,ABC_COMPANY,SOUTH,WHITE,MANUAL
57732,U,ABC_COMPANY,SOUTH,YELLOW,AUTO
57746,U,ABC_COMPANY,SOUTH,BLUE,MANUAL
57760,U,ABC_COMPANY,SOUTH,GREEN,AUTO
57774,V,ABC_COMPANY,SOUTH,BLACK,MANUAL
57788,V,ABC_COMPANY,SOUTH,ORANGE,AUTO
57802,V,ABC_COMPANY,SOUTH,PURPLE,MANUAL
57816,V,ABC_COMPANY,SOUTH,BROWN,AUTO
57830,V,ABC_COMPANY,SOUTH,VIOLET,MANUAL
59077,N,ABC_COMPANY,NORTH,LILIAC,AUTO
59610,V,ABC_COMPANY,SOUTH,TEAL,MANUAL
59624,V,ABC_COMPANY,SOUTH,PEACH,AUTO
59638,V,ABC_COMPANY,SOUTH,PINK,MANUAL
59652,V,ABC_COMPANY,SOUTH,GRAY,AUTO
59666,V,ABC_COMPANY,SOUTH,SILVER,MANUAL
59680,V,ABC_COMPANY,SOUTH,RED,AUTO
59694,V,ABC_COMPANY,SOUTH,WHITE,MANUAL
59708,V,ABC_COMPANY,SOUTH,YELLOW,AUTO
59722,V,ABC_COMPANY,SOUTH,BLUE,MANUAL
59736,V,ABC_COMPANY,SOUTH,GREEN,AUTO
59750,V,ABC_COMPANY,SOUTH,BLACK,MANUAL
59868,N,ABC_COMPANY,NORTH,ORANGE,AUTO
60374,V,ABC_COMPANY,SOUTH,PURPLE,MANUAL
60388,V,ABC_COMPANY,SOUTH,BROWN,AUTO
60402,V,ABC_COMPANY,SOUTH,VIOLET,MANUAL
60416,V,ABC_COMPANY,SOUTH,LILIAC,AUTO
60430,V,ABC_COMPANY,SOUTH,TEAL,MANUAL
60444,V,ABC_COMPANY,SOUTH,PEACH,AUTO
61256,V,ABC_COMPANY,SOUTH,PINK,MANUAL
61269,V,ABC_COMPANY,SOUTH,GRAY,AUTO
61282,V,ABC_COMPANY,SOUTH,SILVER,MANUAL
61764,V,ABC_COMPANY,SOUTH,RED,AUTO
61778,V,ABC_COMPANY,SOUTH,WHITE,MANUAL
61792,V,ABC_COMPANY,SOUTH,YELLOW,AUTO
61806,V,ABC_COMPANY,SOUTH,BLUE,MANUAL
61820,V,ABC_COMPANY,SOUTH,GREEN,AUTO
61834,V,ABC_COMPANY,SOUTH,BLACK,MANUAL
61848,V,ABC_COMPANY,SOUTH,ORANGE,AUTO
61862,V,ABC_COMPANY,SOUTH,PURPLE,MANUAL
61876,V,ABC_COMPANY,SOUTH,BROWN,AUTO
61993,N,ABC_COMPANY,NORTH,VIOLET,MANUAL
62007,N,ABC_COMPANY,NORTH,LILIAC,AUTO
62144,CA,ABC_COMPANY,WEST,TEAL,MANUAL
62157,CA,ABC_COMPANY,WEST,PEACH,AUTO
62170,CA,ABC_COMPANY,WEST,PINK,MANUAL
62183,CA,ABC_COMPANY,WEST,GRAY,AUTO
62196,CA,ABC_COMPANY,WEST,SILVER,MANUAL
62209,CA,ABC_COMPANY,WEST,RED,AUTO
62222,CA,ABC_COMPANY,WEST,WHITE,MANUAL
62235,CA,ABC_COMPANY,WEST,YELLOW,AUTO
62248,CA,ABC_COMPANY,WEST,BLUE,MANUAL
62261,CA,ABC_COMPANY,WEST,GREEN,AUTO
62274,CA,ABC_COMPANY,WEST,BLACK,MANUAL
62287,CA,ABC_COMPANY,WEST,ORANGE,AUTO
62300,CA,ABC_COMPANY,WEST,PURPLE,MANUAL
62306,CA,ABC_COMPANY,WEST,BROWN,AUTO
62319,CA,ABC_COMPANY,WEST,VIOLET,MANUAL
62332,CA,ABC_COMPANY,WEST,LILIAC,AUTO
62345,CA,ABC_COMPANY,WEST,TEAL,MANUAL
62358,CA,ABC_COMPANY,WEST,PEACH,AUTO
62371,CA,ABC_COMPANY,WEST,PINK,MANUAL
62898,I,ABC_COMPANY,EAST,GRAY,AUTO
62911,I,ABC_COMPANY,EAST,SILVER,MANUAL
62924,I,ABC_COMPANY,EAST,RED,AUTO
62938,I,ABC_COMPANY,EAST,WHITE,MANUAL
62952,I,ABC_COMPANY,EAST,YELLOW,AUTO
62966,I,ABC_COMPANY,EAST,BLUE,MANUAL
63661,N,ABC_COMPANY,NORTH,GREEN,AUTO
63674,N,ABC_COMPANY,NORTH,BLACK,MANUAL
63687,N,ABC_COMPANY,NORTH,ORANGE,AUTO
63700,N,ABC_COMPANY,NORTH,PURPLE,MANUAL
63713,N,ABC_COMPANY,NORTH,BROWN,AUTO
63726,N,ABC_COMPANY,NORTH,VIOLET,MANUAL
64312,Y,ABC_COMPANY,SOUTHEAST,LILIAC,AUTO
64325,Y,ABC_COMPANY,SOUTHEAST,TEAL,MANUAL
64338,Y,ABC_COMPANY,SOUTHEAST,PEACH,AUTO
64351,Y,ABC_COMPANY,SOUTHEAST,PINK,MANUAL
64364,Y,ABC_COMPANY,SOUTHEAST,GRAY,AUTO
64377,Y,ABC_COMPANY,SOUTHEAST,SILVER,MANUAL
64390,Y,ABC_COMPANY,SOUTHEAST,RED,AUTO
64403,Y,ABC_COMPANY,SOUTHEAST,WHITE,MANUAL
64416,Y,ABC_COMPANY,SOUTHEAST,YELLOW,AUTO
64429,Y,ABC_COMPANY,SOUTHEAST,BLUE,MANUAL
64442,Y,ABC_COMPANY,SOUTHEAST,GREEN,AUTO
64455,Y,ABC_COMPANY,SOUTHEAST,BLACK,MANUAL
64469,Y,ABC_COMPANY,SOUTHEAST,ORANGE,AUTO
64483,Y,ABC_COMPANY,SOUTHEAST,PURPLE,MANUAL
64497,Y,ABC_COMPANY,SOUTHEAST,BROWN,AUTO
64511,Y,ABC_COMPANY,SOUTHEAST,VIOLET,MANUAL
65202,Y,ABC_COMPANY,SOUTHEAST,LILIAC,AUTO
65215,Y,ABC_COMPANY,SOUTHEAST,TEAL,MANUAL
65229,Y,ABC_COMPANY,SOUTHEAST,PEACH,AUTO
65510,V,ABC_COMPANY,SOUTH,PINK,MANUAL
65524,V,ABC_COMPANY,SOUTH,GRAY,AUTO
65538,V,ABC_COMPANY,SOUTH,SILVER,MANUAL
66096,V,ABC_COMPANY,SOUTH,RED,AUTO
67151,V,ABC_COMPANY,SOUTH,WHITE,MANUAL
67165,V,ABC_COMPANY,SOUTH,YELLOW,AUTO
67179,V,ABC_COMPANY,SOUTH,BLUE,MANUAL
67407,N,ABC_COMPANY,NORTH,GREEN,AUTO
67421,N,ABC_COMPANY,NORTH,BLACK,MANUAL
68752,N,ABC_COMPANY,NORTH,ORANGE,AUTO
68766,N,ABC_COMPANY,NORTH,PURPLE,MANUAL
68888,CA,ABC_COMPANY,WEST,BROWN,AUTO
68901,CA,ABC_COMPANY,WEST,VIOLET,MANUAL
68915,CA,ABC_COMPANY,WEST,LILIAC,AUTO
70788,V,ABC_COMPANY,SOUTH,TEAL,MANUAL
70802,V,ABC_COMPANY,SOUTH,PEACH,AUTO
70816,V,ABC_COMPANY,SOUTH,PINK,MANUAL
71166,V,ABC_COMPANY,SOUTH,GRAY,AUTO
71179,V,ABC_COMPANY,SOUTH,SILVER,MANUAL
71185,V,ABC_COMPANY,SOUTH,RED,AUTO
71198,V,ABC_COMPANY,SOUTH,WHITE,MANUAL
71211,V,ABC_COMPANY,SOUTH,YELLOW,AUTO
71228,V,ABC_COMPANY,SOUTH,BLUE,MANUAL
71705,V,ABC_COMPANY,SOUTH,GREEN,AUTO
71719,V,ABC_COMPANY,SOUTH,BLACK,MANUAL
72530,V,ABC_COMPANY,SOUTH,ORANGE,AUTO
72543,V,ABC_COMPANY,SOUTH,PURPLE,MANUAL
72556,V,ABC_COMPANY,SOUTH,BROWN,AUTO
72569,V,ABC_COMPANY,SOUTH,VIOLET,MANUAL
72582,V,ABC_COMPANY,SOUTH,LILIAC,AUTO
72595,V,ABC_COMPANY,SOUTH,TEAL,MANUAL
72978,V,ABC_COMPANY,SOUTH,PEACH,AUTO
72992,V,ABC_COMPANY,SOUTH,PINK,MANUAL
73006,V,ABC_COMPANY,SOUTH,GRAY,AUTO
73020,V,ABC_COMPANY,SOUTH,SILVER,MANUAL
73034,V,ABC_COMPANY,SOUTH,RED,AUTO
73048,V,ABC_COMPANY,SOUTH,WHITE,MANUAL
73062,V,ABC_COMPANY,SOUTH,YELLOW,AUTO
73076,V,ABC_COMPANY,SOUTH,BLUE,MANUAL
73253,N,ABC_COMPANY,NORTH,GREEN,AUTO
73266,N,ABC_COMPANY,NORTH,BLACK,MANUAL
73283,N,ABC_COMPANY,NORTH,ORANGE,AUTO
73296,N,ABC_COMPANY,NORTH,PURPLE,MANUAL
73309,N,ABC_COMPANY,NORTH,BROWN,AUTO
73449,N,ABC_COMPANY,NORTH,VIOLET,MANUAL
73463,N,ABC_COMPANY,NORTH,LILIAC,AUTO
73477,N,ABC_COMPANY,NORTH,TEAL,MANUAL
73919,V,ABC_COMPANY,SOUTH,PEACH,AUTO
73933,V,ABC_COMPANY,SOUTH,PINK,MANUAL
74142,V,ABC_COMPANY,SOUTH,GRAY,AUTO
74156,V,ABC_COMPANY,SOUTH,SILVER,MANUAL
74170,V,ABC_COMPANY,SOUTH,RED,AUTO
74955,V,ABC_COMPANY,SOUTH,WHITE,MANUAL
74961,V,ABC_COMPANY,SOUTH,YELLOW,AUTO
74975,V,ABC_COMPANY,SOUTH,BLUE,MANUAL
74989,V,ABC_COMPANY,SOUTH,GREEN,AUTO
75322,Y,ABC_COMPANY,SOUTHEAST,BLACK,MANUAL
75335,Y,ABC_COMPANY,SOUTHEAST,ORANGE,AUTO
75348,Y,ABC_COMPANY,SOUTHEAST,PURPLE,MANUAL
75361,Y,ABC_COMPANY,SOUTHEAST,BROWN,AUTO
75374,Y,ABC_COMPANY,SOUTHEAST,VIOLET,MANUAL
75477,N,ABC_COMPANY,NORTH,LILIAC,AUTO
75491,N,ABC_COMPANY,NORTH,TEAL,MANUAL
75656,CA,ABC_COMPANY,WEST,PEACH,AUTO
75669,CA,ABC_COMPANY,WEST,PINK,MANUAL
75682,CA,ABC_COMPANY,WEST,GRAY,AUTO
75695,CA,ABC_COMPANY,WEST,SILVER,MANUAL
75708,CA,ABC_COMPANY,WEST,RED,AUTO
75714,CA,ABC_COMPANY,WEST,WHITE,MANUAL
75734,CA,ABC_COMPANY,WEST,YELLOW,AUTO
75740,CA,ABC_COMPANY,WEST,BLUE,MANUAL
75753,CA,ABC_COMPANY,WEST,GREEN,AUTO
75766,CA,ABC_COMPANY,WEST,BLACK,MANUAL
75779,CA,ABC_COMPANY,WEST,ORANGE,AUTO
76437,V,ABC_COMPANY,SOUTH,PURPLE,MANUAL
76451,V,ABC_COMPANY,SOUTH,BROWN,AUTO
76465,V,ABC_COMPANY,SOUTH,VIOLET,MANUAL
76479,V,ABC_COMPANY,SOUTH,LILIAC,AUTO
76493,V,ABC_COMPANY,SOUTH,TEAL,MANUAL
76507,V,ABC_COMPANY,SOUTH,PEACH,AUTO
76521,V,ABC_COMPANY,SOUTH,PINK,MANUAL
76815,V,ABC_COMPANY,SOUTH,GRAY,AUTO
76828,V,ABC_COMPANY,SOUTH,SILVER,MANUAL
76841,V,ABC_COMPANY,SOUTH,RED,AUTO
76847,V,ABC_COMPANY,SOUTH,WHITE,MANUAL
76861,V,ABC_COMPANY,SOUTH,YELLOW,AUTO
76875,V,ABC_COMPANY,SOUTH,BLUE,MANUAL
77113,Y,ABC_COMPANY,SOUTHEAST,GREEN,AUTO
77119,Z,ABC_COMPANY,SOUTHEAST,BLACK,MANUAL
77132,Z,ABC_COMPANY,SOUTHEAST,ORANGE,AUTO
77145,Z,ABC_COMPANY,SOUTHEAST,PURPLE,MANUAL
77158,Z,ABC_COMPANY,SOUTHEAST,BROWN,AUTO
77171,Z,ABC_COMPANY,SOUTHEAST,VIOLET,MANUAL
77184,Z,ABC_COMPANY,SOUTHEAST,LILIAC,AUTO
77198,Z,ABC_COMPANY,SOUTHEAST,TEAL,MANUAL
77212,Z,ABC_COMPANY,SOUTHEAST,PEACH,AUTO
77226,Z,ABC_COMPANY,SOUTHEAST,PINK,MANUAL
77595,V,ABC_COMPANY,SOUTH,GRAY,AUTO
77609,V,ABC_COMPANY,SOUTH,SILVER,MANUAL
77983,I,ABC_COMPANY,EAST,RED,AUTO
77997,I,ABC_COMPANY,EAST,WHITE,MANUAL
78011,I,ABC_COMPANY,EAST,YELLOW,AUTO
78104,CA,ABC_COMPANY,WEST,BLUE,MANUAL
78118,CA,ABC_COMPANY,WEST,GREEN,AUTO
78132,CA,ABC_COMPANY,WEST,BLACK,MANUAL
78326,I,ABC_COMPANY,EAST,ORANGE,AUTO
79234,I,ABC_COMPANY,EAST,PURPLE,MANUAL
79719,Z,ABC_COMPANY,SOUTHEAST,BROWN,AUTO
79937,V,ABC_COMPANY,SOUTH,VIOLET,MANUAL
79951,V,ABC_COMPANY,SOUTH,LILIAC,AUTO
80088,I,ABC_COMPANY,EAST,TEAL,MANUAL
80101,I,ABC_COMPANY,EAST,PEACH,AUTO
80114,J,ABC_COMPANY,EAST,PINK,MANUAL
80127,J,ABC_COMPANY,EAST,GRAY,AUTO
80140,J,ABC_COMPANY,EAST,SILVER,MANUAL
80154,J,ABC_COMPANY,EAST,RED,AUTO
80580,V,ABC_COMPANY,SOUTH,WHITE,MANUAL
81037,N,ABC_COMPANY,NORTH,YELLOW,AUTO
81051,N,ABC_COMPANY,NORTH,BLUE,MANUAL
81065,N,ABC_COMPANY,NORTH,GREEN,AUTO
81241,N,ABC_COMPANY,NORTH,BLACK,MANUAL
81254,N,ABC_COMPANY,NORTH,ORANGE,AUTO
81267,N,ABC_COMPANY,NORTH,PURPLE,MANUAL
81280,N,ABC_COMPANY,NORTH,BROWN,AUTO
81293,O,ABC_COMPANY,NORTH,VIOLET,MANUAL
81460,CA,ABC_COMPANY,WEST,LILIAC,AUTO
81473,CA,ABC_COMPANY,WEST,TEAL,MANUAL
81487,CA,ABC_COMPANY,WEST,PEACH,AUTO
81501,CA,ABC_COMPANY,WEST,PINK,MANUAL
81515,CA,ABC_COMPANY,WEST,GRAY,AUTO
83021,J,ABC_COMPANY,EAST,SILVER,MANUAL
83035,J,ABC_COMPANY,EAST,RED,AUTO
83395,O,ABC_COMPANY,NORTH,WHITE,MANUAL
83634,CA,ABC_COMPANY,WEST,YELLOW,AUTO
83648,CA,ABC_COMPANY,WEST,BLUE,MANUAL
83662,CA,ABC_COMPANY,WEST,GREEN,AUTO
83676,CA,ABC_COMPANY,WEST,BLACK,MANUAL
83690,CA,ABC_COMPANY,WEST,ORANGE,AUTO
83901,V,ABC_COMPANY,SOUTH,PURPLE,MANUAL
83914,V,ABC_COMPANY,SOUTH,BROWN,AUTO
83927,V,ABC_COMPANY,SOUTH,VIOLET,MANUAL
83940,V,ABC_COMPANY,SOUTH,LILIAC,AUTO
83953,V,ABC_COMPANY,SOUTH,TEAL,MANUAL
83966,V,ABC_COMPANY,SOUTH,PEACH,AUTO
83972,W,ABC_COMPANY,SOUTH,PINK,MANUAL
83986,W,ABC_COMPANY,SOUTH,GRAY,AUTO
84000,W,ABC_COMPANY,SOUTH,SILVER,MANUAL
84014,W,ABC_COMPANY,SOUTH,RED,AUTO
84028,W,ABC_COMPANY,SOUTH,WHITE,MANUAL
84042,W,ABC_COMPANY,SOUTH,YELLOW,AUTO
84056,W,ABC_COMPANY,SOUTH,BLUE,MANUAL
84217,CA,ABC_COMPANY,WEST,GREEN,AUTO
84230,CA,ABC_COMPANY,WEST,BLACK,MANUAL
84243,CA,ABC_COMPANY,WEST,ORANGE,AUTO
84249,CA,ABC_COMPANY,WEST,PURPLE,MANUAL
84263,CA,ABC_COMPANY,WEST,BROWN,AUTO
84751,CA,ABC_COMPANY,WEST,VIOLET,MANUAL
84956,Z,ABC_COMPANY,SOUTHEAST,LILIAC,AUTO
85238,W,ABC_COMPANY,SOUTH,TEAL,MANUAL
85251,W,ABC_COMPANY,SOUTH,PEACH,AUTO
85264,W,ABC_COMPANY,SOUTH,PINK,MANUAL
85277,W,ABC_COMPANY,SOUTH,GRAY,AUTO
85290,W,ABC_COMPANY,SOUTH,SILVER,MANUAL
85303,W,ABC_COMPANY,SOUTH,RED,AUTO
85309,W,ABC_COMPANY,SOUTH,WHITE,MANUAL
85323,W,ABC_COMPANY,SOUTH,YELLOW,AUTO
85337,W,ABC_COMPANY,SOUTH,BLUE,MANUAL
85623,W,ABC_COMPANY,SOUTH,GREEN,AUTO
85637,W,ABC_COMPANY,SOUTH,BLACK,MANUAL
85651,W,ABC_COMPANY,SOUTH,ORANGE,AUTO
86219,Z,ABC_COMPANY,SOUTHEAST,PURPLE,MANUAL
86232,Z,ABC_COMPANY,SOUTHEAST,BROWN,AUTO
86245,Z,ABC_COMPANY,SOUTHEAST,VIOLET,MANUAL
86258,Z,ABC_COMPANY,SOUTHEAST,LILIAC,AUTO
86271,Z,ABC_COMPANY,SOUTHEAST,TEAL,MANUAL
86595,CA,ABC_COMPANY,WEST,PEACH,AUTO
86608,CA,ABC_COMPANY,WEST,PINK,MANUAL
86621,CA,ABC_COMPANY,WEST,GRAY,AUTO
86634,CA,ABC_COMPANY,WEST,SILVER,MANUAL
86647,CA,ABC_COMPANY,WEST,RED,AUTO
86660,CA,ABC_COMPANY,WEST,WHITE,MANUAL
86673,CA,ABC_COMPANY,WEST,YELLOW,AUTO
86686,CA,ABC_COMPANY,WEST,BLUE,MANUAL
86699,CA,ABC_COMPANY,WEST,GREEN,AUTO
86705,CA,ABC_COMPANY,WEST,BLACK,MANUAL
86718,CA,ABC_COMPANY,WEST,ORANGE,AUTO
86731,CA,ABC_COMPANY,WEST,PURPLE,MANUAL
86744,CA,ABC_COMPANY,WEST,BROWN,AUTO
86757,CA,ABC_COMPANY,WEST,VIOLET,MANUAL
86770,CA,ABC_COMPANY,WEST,LILIAC,AUTO
86783,CA,ABC_COMPANY,WEST,TEAL,MANUAL
86796,CA,ABC_COMPANY,WEST,PEACH,AUTO
86809,CA,ABC_COMPANY,WEST,PINK,MANUAL
87627,J,ABC_COMPANY,EAST,GRAY,AUTO
88225,CA,ABC_COMPANY,WEST,SILVER,MANUAL
88231,CA,ABC_COMPANY,WEST,RED,AUTO
88245,CA,ABC_COMPANY,WEST,WHITE,MANUAL
88259,CA,ABC_COMPANY,WEST,YELLOW,AUTO
89046,W,ABC_COMPANY,SOUTH,BLUE,MANUAL
89060,W,ABC_COMPANY,SOUTH,GREEN,AUTO
89074,W,ABC_COMPANY,SOUTH,BLACK,MANUAL
89088,W,ABC_COMPANY,SOUTH,ORANGE,AUTO
89102,W,ABC_COMPANY,SOUTH,PURPLE,MANUAL
89116,W,ABC_COMPANY,SOUTH,BROWN,AUTO
89337,CA,ABC_COMPANY,WEST,VIOLET,MANUAL
89350,CA,ABC_COMPANY,WEST,LILIAC,AUTO
89912,O,ABC_COMPANY,NORTH,TEAL,MANUAL
89926,O,ABC_COMPANY,NORTH,PEACH,AUTO
89940,O,ABC_COMPANY,NORTH,PINK,MANUAL
89954,O,ABC_COMPANY,NORTH,GRAY,AUTO
90138,J,ABC_COMPANY,EAST,SILVER,MANUAL
90337,J,ABC_COMPANY,EAST,RED,AUTO
90351,J,ABC_COMPANY,EAST,WHITE,MANUAL
90901,J,ABC_COMPANY,EAST,YELLOW,AUTO
90915,J,ABC_COMPANY,EAST,BLUE,MANUAL
90929,J,ABC_COMPANY,EAST,GREEN,AUTO
90943,J,ABC_COMPANY,EAST,BLACK,MANUAL
92894,O,ABC_COMPANY,NORTH,ORANGE,AUTO
92908,O,ABC_COMPANY,NORTH,PURPLE,MANUAL
93059,Z,ABC_COMPANY,SOUTHEAST,BROWN,AUTO
93072,Z,ABC_COMPANY,SOUTHEAST,VIOLET,MANUAL
93085,Z,ABC_COMPANY,SOUTHEAST,LILIAC,AUTO
93102,Z,ABC_COMPANY,SOUTHEAST,TEAL,MANUAL
93330,Z,ABC_COMPANY,SOUTHEAST,PEACH,AUTO
94122,J,ABC_COMPANY,EAST,PINK,MANUAL
94136,J,ABC_COMPANY,EAST,GRAY,AUTO
95041,W,ABC_COMPANY,SOUTH,SILVER,MANUAL
95055,W,ABC_COMPANY,SOUTH,RED,AUTO
95282,Z,ABC_COMPANY,SOUTHEAST,WHITE,MANUAL
95296,Z,ABC_COMPANY,SOUTHEAST,YELLOW,AUTO
96356,W,ABC_COMPANY,SOUTH,BLUE,MANUAL
96370,W,ABC_COMPANY,SOUTH,GREEN,AUTO
96612,J,ABC_COMPANY,EAST,BLACK,MANUAL
96625,J,ABC_COMPANY,EAST,ORANGE,AUTO
96638,J,ABC_COMPANY,EAST,PURPLE,MANUAL
96818,CA,ABC_COMPANY,WEST,BROWN,AUTO
96824,CA,ABC_COMPANY,WEST,VIOLET,MANUAL
96838,CA,ABC_COMPANY,WEST,LILIAC,AUTO
96852,CA,ABC_COMPANY,WEST,TEAL,MANUAL
96866,CA,ABC_COMPANY,WEST,PEACH,AUTO
96880,CA,ABC_COMPANY,WEST,PINK,MANUAL
96990,CA,ABC_COMPANY,WEST,GRAY,AUTO
96996,CA,ABC_COMPANY,WEST,SILVER,MANUAL
97283,J,ABC_COMPANY,EAST,RED,AUTO
97297,J,ABC_COMPANY,EAST,WHITE,MANUAL
97401,O,ABC_COMPANY,NORTH,YELLOW,AUTO
97905,W,ABC_COMPANY,SOUTH,BLUE,MANUAL
98156,J,ABC_COMPANY,EAST,GREEN,AUTO
98170,J,ABC_COMPANY,EAST,BLACK,MANUAL
98525,Z,ABC_COMPANY,SOUTHEAST,ORANGE,AUTO
98539,Z,ABC_COMPANY,SOUTHEAST,PURPLE,MANUAL
99736,CA,ABC_COMPANY,WEST,BROWN,AUTO
99750,CA,ABC_COMPANY,WEST,VIOLET,MANUAL
100103,Z,ABC_COMPANY,SOUTHEAST,LILIAC,AUTO
100116,Z,ABC_COMPANY,SOUTHEAST,TEAL,MANUAL
100129,Z,ABC_COMPANY,SOUTHEAST,PEACH,AUTO
100312,O,ABC_COMPANY,NORTH,PINK,MANUAL
100326,O,ABC_COMPANY,NORTH,GRAY,AUTO
100635,W,ABC_COMPANY,SOUTH,SILVER,MANUAL
100649,W,ABC_COMPANY,SOUTH,RED,AUTO
100663,W,ABC_COMPANY,SOUTH,WHITE,MANUAL
100882,W,ABC_COMPANY,SOUTH,YELLOW,AUTO
100895,W,ABC_COMPANY,SOUTH,BLUE,MANUAL
100908,W,ABC_COMPANY,SOUTH,GREEN,AUTO
100921,W,ABC_COMPANY,SOUTH,BLACK,MANUAL
101068,J,ABC_COMPANY,EAST,ORANGE,AUTO
101082,J,ABC_COMPANY,EAST,PURPLE,MANUAL
101096,J,ABC_COMPANY,EAST,BROWN,AUTO
101110,J,ABC_COMPANY,EAST,VIOLET,MANUAL
101124,J,ABC_COMPANY,EAST,LILIAC,AUTO
101138,K,ABC_COMPANY,EAST,TEAL,MANUAL
101152,K,ABC_COMPANY,EAST,PEACH,AUTO
101166,K,ABC_COMPANY,EAST,PINK,MANUAL
101180,K,ABC_COMPANY,EAST,GRAY,AUTO
101736,CA,ABC_COMPANY,WEST,SILVER,MANUAL
102079,K,ABC_COMPANY,EAST,RED,AUTO
102093,K,ABC_COMPANY,EAST,WHITE,MANUAL
102107,K,ABC_COMPANY,EAST,YELLOW,AUTO
102121,K,ABC_COMPANY,EAST,BLUE,MANUAL
102506,W,ABC_COMPANY,SOUTH,GREEN,AUTO
103336,W,ABC_COMPANY,SOUTH,BLACK,MANUAL
103350,W,ABC_COMPANY,SOUTH,ORANGE,AUTO
103364,W,ABC_COMPANY,SOUTH,PURPLE,MANUAL
103526,CA,ABC_COMPANY,WEST,BROWN,AUTO
103540,CA,ABC_COMPANY,WEST,VIOLET,MANUAL
103554,CA,ABC_COMPANY,WEST,LILIAC,AUTO
103875,W,ABC_COMPANY,SOUTH,TEAL,MANUAL
103889,W,ABC_COMPANY,SOUTH,PEACH,AUTO
103903,W,ABC_COMPANY,SOUTH,PINK,MANUAL
103917,W,ABC_COMPANY,SOUTH,GRAY,AUTO
104725,Z,ABC_COMPANY,SOUTHEAST,SILVER,MANUAL
104738,Z,ABC_COMPANY,SOUTHEAST,RED,AUTO
104751,Z,ABC_COMPANY,SOUTHEAST,WHITE,MANUAL
104764,Z,ABC_COMPANY,SOUTHEAST,YELLOW,AUTO
104777,Z,ABC_COMPANY,SOUTHEAST,BLUE,MANUAL
104790,Z,ABC_COMPANY,SOUTHEAST,GREEN,AUTO
104803,Z,ABC_COMPANY,SOUTHEAST,BLACK,MANUAL
104816,Z,ABC_COMPANY,SOUTHEAST,ORANGE,AUTO
104829,Z,ABC_COMPANY,SOUTHEAST,PURPLE,MANUAL
104842,Z,ABC_COMPANY,SOUTHEAST,BROWN,AUTO
104987,W,ABC_COMPANY,SOUTH,VIOLET,MANUAL
105141,O,ABC_COMPANY,NORTH,LILIAC,AUTO
105155,O,ABC_COMPANY,NORTH,TEAL,MANUAL
105169,O,ABC_COMPANY,NORTH,PEACH,AUTO
105183,O,ABC_COMPANY,NORTH,PINK,MANUAL
105197,O,ABC_COMPANY,NORTH,GRAY,AUTO
105584,O,ABC_COMPANY,NORTH,SILVER,MANUAL
105597,O,ABC_COMPANY,NORTH,RED,AUTO
105611,O,ABC_COMPANY,NORTH,WHITE,MANUAL
105625,O,ABC_COMPANY,NORTH,YELLOW,AUTO
105639,O,ABC_COMPANY,NORTH,BLUE,MANUAL
106159,O,ABC_COMPANY,NORTH,GREEN,AUTO
106172,O,ABC_COMPANY,NORTH,BLACK,MANUAL
106419,Z,ABC_COMPANY,SOUTHEAST,ORANGE,AUTO
106603,Z,ABC_COMPANY,SOUTHEAST,PURPLE,MANUAL
106616,Z,ABC_COMPANY,SOUTHEAST,BROWN,AUTO
106629,Z,ABC_COMPANY,SOUTHEAST,VIOLET,MANUAL
106642,Z,ABC_COMPANY,SOUTHEAST,LILIAC,AUTO
106655,Z,ABC_COMPANY,SOUTHEAST,TEAL,MANUAL
106668,Z,ABC_COMPANY,SOUTHEAST,PEACH,AUTO
106681,Z,ABC_COMPANY,SOUTHEAST,PINK,MANUAL
106694,Z,ABC_COMPANY,SOUTHEAST,GRAY,AUTO
106700,Z,ABC_COMPANY,SOUTHEAST,SILVER,MANUAL
106713,Z,ABC_COMPANY,SOUTHEAST,RED,AUTO
106726,Z,ABC_COMPANY,SOUTHEAST,WHITE,MANUAL
106739,Z,ABC_COMPANY,SOUTHEAST,YELLOW,AUTO
106928,K,ABC_COMPANY,EAST,BLUE,MANUAL
107360,W,ABC_COMPANY,SOUTH,GREEN,AUTO
107374,W,ABC_COMPANY,SOUTH,BLACK,MANUAL
107779,O,ABC_COMPANY,NORTH,ORANGE,AUTO
108016,K,ABC_COMPANY,EAST,PURPLE,MANUAL
108252,W,ABC_COMPANY,SOUTH,BROWN,AUTO
108265,W,ABC_COMPANY,SOUTH,VIOLET,MANUAL
108278,W,ABC_COMPANY,SOUTH,LILIAC,AUTO
108291,W,ABC_COMPANY,SOUTH,TEAL,MANUAL
108297,W,ABC_COMPANY,SOUTH,PEACH,AUTO
108310,W,ABC_COMPANY,SOUTH,PINK,MANUAL
108323,W,ABC_COMPANY,SOUTH,GRAY,AUTO
108337,W,ABC_COMPANY,SOUTH,SILVER,MANUAL
108351,W,ABC_COMPANY,SOUTH,RED,AUTO
108365,W,ABC_COMPANY,SOUTH,WHITE,MANUAL
108568,O,ABC_COMPANY,NORTH,YELLOW,AUTO
109061,K,ABC_COMPANY,EAST,BLUE,MANUAL
109075,K,ABC_COMPANY,EAST,GREEN,AUTO
109089,K,ABC_COMPANY,EAST,BLACK,MANUAL
109103,K,ABC_COMPANY,EAST,ORANGE,AUTO
109117,K,ABC_COMPANY,EAST,PURPLE,MANUAL
109131,K,ABC_COMPANY,EAST,BROWN,AUTO
109145,K,ABC_COMPANY,EAST,VIOLET,MANUAL
109159,K,ABC_COMPANY,EAST,LILIAC,AUTO
110680,Z,ABC_COMPANY,SOUTHEAST,TEAL,MANUAL
110882,O,ABC_COMPANY,NORTH,PEACH,AUTO
110895,O,ABC_COMPANY,NORTH,PINK,MANUAL
110909,O,ABC_COMPANY,NORTH,GRAY,AUTO
110923,O,ABC_COMPANY,NORTH,SILVER,MANUAL
111104,Z,ABC_COMPANY,SOUTHEAST,RED,AUTO
111117,Z,ABC_COMPANY,SOUTHEAST,WHITE,MANUAL
111123,Z,ABC_COMPANY,SOUTHEAST,YELLOW,AUTO
111136,Z,ABC_COMPANY,SOUTHEAST,BLUE,MANUAL
111150,Z,ABC_COMPANY,SOUTHEAST,GREEN,AUTO
111164,Z,ABC_COMPANY,SOUTHEAST,BLACK,MANUAL
111178,AA,ABC_COMPANY,SOUTHEAST,ORANGE,AUTO
111514,O,ABC_COMPANY,NORTH,PURPLE,MANUAL
111528,O,ABC_COMPANY,NORTH,BROWN,AUTO
111792,W,ABC_COMPANY,SOUTH,VIOLET,MANUAL
112201,K,ABC_COMPANY,EAST,LILIAC,AUTO
112215,K,ABC_COMPANY,EAST,TEAL,MANUAL
112229,K,ABC_COMPANY,EAST,PEACH,AUTO
112243,K,ABC_COMPANY,EAST,PINK,MANUAL
112257,K,ABC_COMPANY,EAST,GRAY,AUTO
112271,K,ABC_COMPANY,EAST,SILVER,MANUAL
112668,W,ABC_COMPANY,SOUTH,RED,AUTO
113084,AA,ABC_COMPANY,SOUTHEAST,WHITE,MANUAL
113097,AA,ABC_COMPANY,SOUTHEAST,YELLOW,AUTO
113110,AA,ABC_COMPANY,SOUTHEAST,BLUE,MANUAL
113123,AA,ABC_COMPANY,SOUTHEAST,GREEN,AUTO
113136,AA,ABC_COMPANY,SOUTHEAST,BLACK,MANUAL
113149,AA,ABC_COMPANY,SOUTHEAST,ORANGE,AUTO
113162,AA,ABC_COMPANY,SOUTHEAST,PURPLE,MANUAL
113175,AA,ABC_COMPANY,SOUTHEAST,BROWN,AUTO
113188,AA,ABC_COMPANY,SOUTHEAST,VIOLET,MANUAL
113194,AA,ABC_COMPANY,SOUTHEAST,LILIAC,AUTO
113308,CA,ABC_COMPANY,WEST,TEAL,MANUAL
113321,CA,ABC_COMPANY,WEST,PEACH,AUTO
113335,CA,ABC_COMPANY,WEST,PINK,MANUAL
113566,CA,ABC_COMPANY,WEST,GRAY,AUTO
113579,CA,ABC_COMPANY,WEST,SILVER,MANUAL
113592,CA,ABC_COMPANY,WEST,RED,AUTO
113605,CA,ABC_COMPANY,WEST,WHITE,MANUAL
113618,CA,ABC_COMPANY,WEST,YELLOW,AUTO
113631,CA,ABC_COMPANY,WEST,BLUE,MANUAL
113644,CA,ABC_COMPANY,WEST,GREEN,AUTO
113650,CA,ABC_COMPANY,WEST,BLACK,MANUAL
113663,CA,ABC_COMPANY,WEST,ORANGE,AUTO
113676,CA,ABC_COMPANY,WEST,PURPLE,MANUAL
113689,CA,ABC_COMPANY,WEST,BROWN,AUTO
113702,CA,ABC_COMPANY,WEST,VIOLET,MANUAL
113715,CA,ABC_COMPANY,WEST,LILIAC,AUTO
113728,CA,ABC_COMPANY,WEST,TEAL,MANUAL
113741,CA,ABC_COMPANY,WEST,PEACH,AUTO
113754,CA,ABC_COMPANY,WEST,PINK,MANUAL
113767,CA,ABC_COMPANY,WEST,GRAY,AUTO
113780,CA,ABC_COMPANY,WEST,SILVER,MANUAL
113793,CA,ABC_COMPANY,WEST,RED,AUTO
113806,CA,ABC_COMPANY,WEST,WHITE,MANUAL
113819,CA,ABC_COMPANY,WEST,YELLOW,AUTO
113832,DA,ABC_COMPANY,WEST,BLUE,MANUAL
115246,W,ABC_COMPANY,SOUTH,GREEN,AUTO
115260,W,ABC_COMPANY,SOUTH,BLACK,MANUAL
115274,W,ABC_COMPANY,SOUTH,ORANGE,AUTO
115288,W,ABC_COMPANY,SOUTH,PURPLE,MANUAL
116004,K,ABC_COMPANY,EAST,BROWN,AUTO
116018,K,ABC_COMPANY,EAST,VIOLET,MANUAL
116032,K,ABC_COMPANY,EAST,LILIAC,AUTO
116046,K,ABC_COMPANY,EAST,TEAL,MANUAL
116060,K,ABC_COMPANY,EAST,PEACH,AUTO
116074,K,ABC_COMPANY,EAST,PINK,MANUAL
116932,K,ABC_COMPANY,EAST,GRAY,AUTO
116946,K,ABC_COMPANY,EAST,SILVER,MANUAL
117519,O,ABC_COMPANY,NORTH,RED,AUTO
117533,O,ABC_COMPANY,NORTH,WHITE,MANUAL
117681,AA,ABC_COMPANY,SOUTHEAST,YELLOW,AUTO
117694,AA,ABC_COMPANY,SOUTHEAST,BLUE,MANUAL
117791,O,ABC_COMPANY,NORTH,GREEN,AUTO
117805,O,ABC_COMPANY,NORTH,BLACK,MANUAL
117914,DA,ABC_COMPANY,WEST,ORANGE,AUTO
117927,DA,ABC_COMPANY,WEST,PURPLE,MANUAL
118391,DA,ABC_COMPANY,WEST,BROWN,AUTO
119111,AA,ABC_COMPANY,SOUTHEAST,VIOLET,MANUAL
119285,O,ABC_COMPANY,NORTH,LILIAC,AUTO
119299,O,ABC_COMPANY,NORTH,TEAL,MANUAL
119313,O,ABC_COMPANY,NORTH,PEACH,AUTO
119775,O,ABC_COMPANY,NORTH,PINK,MANUAL
119788,O,ABC_COMPANY,NORTH,GRAY,AUTO
119801,O,ABC_COMPANY,NORTH,SILVER,MANUAL
119814,O,ABC_COMPANY,NORTH,RED,AUTO
119827,O,ABC_COMPANY,NORTH,WHITE,MANUAL
119840,O,ABC_COMPANY,NORTH,YELLOW,AUTO
155724,DA,ABC_COMPANY,WEST,BLUE,MANUAL
155738,DA,ABC_COMPANY,WEST,GREEN,AUTO
155752,DA,ABC_COMPANY,WEST,BLACK,MANUAL
155965,O,ABC_COMPANY,NORTH,ORANGE,AUTO
155979,O,ABC_COMPANY,NORTH,PURPLE,MANUAL
155993,O,ABC_COMPANY,NORTH,BROWN,AUTO
156148,DA,ABC_COMPANY,WEST,VIOLET,MANUAL
156161,DA,ABC_COMPANY,WEST,LILIAC,AUTO
156941,W,ABC_COMPANY,SOUTH,TEAL,MANUAL
156947,W,ABC_COMPANY,SOUTH,PEACH,AUTO
156960,W,ABC_COMPANY,SOUTH,PINK,MANUAL
157195,DA,ABC_COMPANY,WEST,GRAY,AUTO
157208,DA,ABC_COMPANY,WEST,SILVER,MANUAL
157221,DA,ABC_COMPANY,WEST,RED,AUTO
157539,O,ABC_COMPANY,NORTH,WHITE,MANUAL
157552,O,ABC_COMPANY,NORTH,YELLOW,AUTO
157687,AA,ABC_COMPANY,SOUTHEAST,BLUE,MANUAL
157700,AA,ABC_COMPANY,SOUTHEAST,GREEN,AUTO
157838,K,ABC_COMPANY,EAST,BLACK,MANUAL
157852,K,ABC_COMPANY,EAST,ORANGE,AUTO
157866,K,ABC_COMPANY,EAST,PURPLE,MANUAL
158000,K,ABC_COMPANY,EAST,BROWN,AUTO
158013,K,ABC_COMPANY,EAST,VIOLET,MANUAL
158361,K,ABC_COMPANY,EAST,LILIAC,AUTO
158375,K,ABC_COMPANY,EAST,TEAL,MANUAL
158389,K,ABC_COMPANY,EAST,PEACH,AUTO
158913,DA,ABC_COMPANY,WEST,PINK,MANUAL
158926,DA,ABC_COMPANY,WEST,GRAY,AUTO
158939,DA,ABC_COMPANY,WEST,SILVER,MANUAL
158953,DA,ABC_COMPANY,WEST,RED,AUTO
158967,DA,ABC_COMPANY,WEST,WHITE,MANUAL
159320,DA,ABC_COMPANY,WEST,YELLOW,AUTO
159333,DA,ABC_COMPANY,WEST,BLUE,MANUAL
159346,DA,ABC_COMPANY,WEST,GREEN,AUTO
159359,DA,ABC_COMPANY,WEST,BLACK,MANUAL
159372,DA,ABC_COMPANY,WEST,ORANGE,AUTO
159385,DA,ABC_COMPANY,WEST,PURPLE,MANUAL
159398,DA,ABC_COMPANY,WEST,BROWN,AUTO
159411,DA,ABC_COMPANY,WEST,VIOLET,MANUAL
159566,K,ABC_COMPANY,EAST,LILIAC,AUTO
159580,K,ABC_COMPANY,EAST,TEAL,MANUAL
159594,K,ABC_COMPANY,EAST,PEACH,AUTO
161279,O,ABC_COMPANY,NORTH,PINK,MANUAL
161292,O,ABC_COMPANY,NORTH,GRAY,AUTO
161305,O,ABC_COMPANY,NORTH,SILVER,MANUAL
161318,O,ABC_COMPANY,NORTH,RED,AUTO
161331,O,ABC_COMPANY,NORTH,WHITE,MANUAL
161442,DA,ABC_COMPANY,WEST,YELLOW,AUTO
161455,DA,ABC_COMPANY,WEST,BLUE,MANUAL
161468,DA,ABC_COMPANY,WEST,GREEN,AUTO
161482,DA,ABC_COMPANY,WEST,BLACK,MANUAL
161496,DA,ABC_COMPANY,WEST,ORANGE,AUTO
162055,DA,ABC_COMPANY,WEST,PURPLE,MANUAL
162068,DA,ABC_COMPANY,WEST,BROWN,AUTO
162088,DA,ABC_COMPANY,WEST,VIOLET,MANUAL
162101,DA,ABC_COMPANY,WEST,LILIAC,AUTO
162114,DA,ABC_COMPANY,WEST,TEAL,MANUAL
162120,DA,ABC_COMPANY,WEST,PEACH,AUTO
162133,DA,ABC_COMPANY,WEST,PINK,MANUAL
162146,DA,ABC_COMPANY,WEST,GRAY,AUTO
162159,DA,ABC_COMPANY,WEST,SILVER,MANUAL
162711,O,ABC_COMPANY,NORTH,RED,AUTO
162724,O,ABC_COMPANY,NORTH,WHITE,MANUAL
163009,DA,ABC_COMPANY,WEST,YELLOW,AUTO
163022,DA,ABC_COMPANY,WEST,BLUE,MANUAL
163036,DA,ABC_COMPANY,WEST,GREEN,AUTO
163551,K,ABC_COMPANY,EAST,BLACK,MANUAL
163565,K,ABC_COMPANY,EAST,ORANGE,AUTO
163695,AA,ABC_COMPANY,SOUTHEAST,PURPLE,MANUAL
163708,AA,ABC_COMPANY,SOUTHEAST,BROWN,AUTO
163782,O,ABC_COMPANY,NORTH,VIOLET,MANUAL
163796,O,ABC_COMPANY,NORTH,LILIAC,AUTO
164051,DA,ABC_COMPANY,WEST,TEAL,MANUAL
164071,DA,ABC_COMPANY,WEST,PEACH,AUTO
164084,DA,ABC_COMPANY,WEST,PINK,MANUAL
164090,DA,ABC_COMPANY,WEST,GRAY,AUTO
164103,DA,ABC_COMPANY,WEST,SILVER,MANUAL
164321,P,ABC_COMPANY,NORTH,RED,AUTO
164334,P,ABC_COMPANY,NORTH,WHITE,MANUAL
164347,P,ABC_COMPANY,NORTH,YELLOW,AUTO
164360,P,ABC_COMPANY,NORTH,BLUE,MANUAL
164373,P,ABC_COMPANY,NORTH,GREEN,AUTO
164386,P,ABC_COMPANY,NORTH,BLACK,MANUAL
164752,P,ABC_COMPANY,NORTH,ORANGE,AUTO
164765,P,ABC_COMPANY,NORTH,PURPLE,MANUAL
164778,P,ABC_COMPANY,NORTH,BROWN,AUTO
165070,DA,ABC_COMPANY,WEST,VIOLET,MANUAL
165084,DA,ABC_COMPANY,WEST,LILIAC,AUTO
165098,DA,ABC_COMPANY,WEST,TEAL,MANUAL
165112,DA,ABC_COMPANY,WEST,PEACH,AUTO
165126,DA,ABC_COMPANY,WEST,PINK,MANUAL
165140,DA,ABC_COMPANY,WEST,GRAY,AUTO
165369,DA,ABC_COMPANY,WEST,SILVER,MANUAL
165552,DA,ABC_COMPANY,WEST,RED,AUTO
165566,DA,ABC_COMPANY,WEST,WHITE,MANUAL
165580,DA,ABC_COMPANY,WEST,YELLOW,AUTO
165681,P,ABC_COMPANY,NORTH,BLUE,MANUAL
165695,P,ABC_COMPANY,NORTH,GREEN,AUTO
165911,P,ABC_COMPANY,NORTH,BLACK,MANUAL
165924,P,ABC_COMPANY,NORTH,ORANGE,AUTO
165937,P,ABC_COMPANY,NORTH,PURPLE,MANUAL
165951,P,ABC_COMPANY,NORTH,BROWN,AUTO
166154,K,ABC_COMPANY,EAST,VIOLET,MANUAL
166168,K,ABC_COMPANY,EAST,LILIAC,AUTO
166182,K,ABC_COMPANY,EAST,TEAL,MANUAL
166196,K,ABC_COMPANY,EAST,PEACH,AUTO
166327,K,ABC_COMPANY,EAST,PINK,MANUAL
166341,K,ABC_COMPANY,EAST,GRAY,AUTO
167573,DA,ABC_COMPANY,WEST,SILVER,MANUAL
167586,DA,ABC_COMPANY,WEST,RED,AUTO
167599,DA,ABC_COMPANY,WEST,WHITE,MANUAL
167714,DA,ABC_COMPANY,WEST,YELLOW,AUTO
168124,K,ABC_COMPANY,EAST,BLUE,MANUAL
170024,W,ABC_COMPANY,SOUTH,GREEN,AUTO
